1,7788,One World Trade Center,New York City,541,541,79151,8,6,NY,United States,6,built,2014,104,office,546.2,541.3,417,2015-04-06 18:36:32.651076,2015-04-06 18:36:32.651076
2,95079,Nordstrom Tower,New York City,541,541,77738,8,6,NY,United States,6,under construction,2018,92,mixed use,0,541,450.8,2015-04-06 18:36:32.667142,2015-04-06 18:36:32.667142
3,171,One Vanderbilt,New York City,462,462,78678,8,6,NY,United States,6,proposed,0,65,office,0,461.5,424.9,2015-04-06 18:36:32.671927,2015-04-06 18:36:32.671927
4,84768,111 West 57th Street,New York City,433,433,79348,8,6,NY,United States,6,proposed,2017,74,residential,0,433.1,433.1,2015-04-06 18:36:32.677997,2015-04-06 18:36:32.677997
5,94370,432 Park Avenue,New York City,426,426,74943,8,6,NY,United States,6,under construction,2015,90,residential,0,0,426.1,2015-04-06 18:36:32.682807,2015-04-06 18:36:32.682807
6,15145,125 Greenwich Street,New York City,413,413,78129,8,6,NY,United States,6,proposed,2017,77,residential,0,0,413.3,2015-04-06 18:36:32.687081,2015-04-06 18:36:32.687081
7,7801,Two World Trade Center,New York City,412,412,77762,8,6,NY,United States,6,on hold,0,79,office,0,0,411.6,2015-04-06 18:36:32.691182,2015-04-06 18:36:32.691182
8,95171,30 Hudson Yards,New York City,383,383,74811,8,6,NY,United States,6,under construction,2019,73,office,0,0,392.3,2015-04-06 18:36:32.695198,2015-04-06 18:36:32.695198
9,23,Empire State Building,New York City,443,443,74258,8,6,NY,United States,6,built,1931,102,office,443.2,0,381,2015-04-06 18:36:32.699876,2015-04-06 18:36:32.699876
10,37692,15 Penn Plaza,New York City,371,371,62858,8,6,NY,United States,6,proposed,0,67,office,527.3,0,370.6,2015-04-06 18:36:32.70383,2015-04-06 18:36:32.70383
11,3197,Bank of America Tower,New York City,366,366,74312,8,6,NY,United States,6,built,2009,55,office,0,365.8,287.9,2015-04-06 18:36:32.707749,2015-04-06 18:36:32.707749
12,7802,Three World Trade Center,New York City,357,357,65689,8,6,NY,United States,6,under construction,2018,80,office,0,357,327,2015-04-06 18:36:32.712377,2015-04-06 18:36:32.712377
13,23149,520 West 41 Street,New York City,335,335,77718,8,6,NY,United States,6,proposed,2020,100,residential,0,0,335.3,2015-04-06 18:36:32.718055,2015-04-06 18:36:32.718055
14,100957,50 Hudson Yards,New York City,326,326,77220,8,6,NY,United States,6,proposed,2019,62,office,457.2,0,325.5,2015-04-06 18:36:32.722282,2015-04-06 18:36:32.722282
15,68556,53W53,New York City,320,320,67418,8,6,NY,United States,6,under construction,2018,82,mixed use,0,0,320,2015-04-06 18:36:32.726536,2015-04-06 18:36:32.726536
16,67664,3 Hudson Boulevard,New York City,323,323,62814,8,6,NY,United States,6,proposed,2018,66,mixed use,294.7,0,320,2015-04-06 18:36:32.730674,2015-04-06 18:36:32.730674
17,83,Chrysler Building,New York City,319,319,54021,8,6,NY,United States,6,built,1930,77,office,0,318.9,282,2015-04-06 18:36:32.734892,2015-04-06 18:36:32.734892
18,916,New York Times Tower,New York City,319,319,58612,8,6,NY,United States,6,built,2007,52,office,0,318.8,227.4,2015-04-06 18:36:32.738935,2015-04-06 18:36:32.738935
19,71798,80 South Street,New York City,310,310,77766,8,6,NY,United States,6,proposed,2016,74,mixed use,0,0,310.3,2015-04-06 18:36:32.743133,2015-04-06 18:36:32.743133
20,95170,35 Hudson Yards,New York City,305,305,76823,8,6,NY,United States,6,proposed,2018,79,mixed use,0,0,307.5,2015-04-06 18:36:32.747324,2015-04-06 18:36:32.747324
21,82104,One57,New York City,306,306,74957,8,6,NY,United States,6,built,2014,75,mixed use,0,423.4,306.3,2015-04-06 18:36:32.751398,2015-04-06 18:36:32.751398
22,84764,447 10th Avenue,New York City,305,305,73606,8,6,NY,United States,6,proposed,2016,65,office,219.8,0,304.8,2015-04-06 18:36:32.755771,2015-04-06 18:36:32.755771
23,71941,Two Manhattan West,New York City,303,303,79162,8,6,NY,United States,6,proposed,2020,69,office,0,0,303.3,2015-04-06 18:36:32.759793,2015-04-06 18:36:32.759793
24,71940,One Manhattan West,New York City,303,303,79161,8,6,NY,United States,6,under construction,2020,69,office,0,0,303.3,2015-04-06 18:36:32.763866,2015-04-06 18:36:32.763866
25,7803,Four World Trade Center,New York City,298,298,65693,8,6,NY,United States,6,built,2013,72,office,0,0,297.8,2015-04-06 18:36:32.767853,2015-04-06 18:36:32.767853
26,5,Willis Tower,Chicago,527,527,60890,4,3,IL,United States,3,built,1974,108,office,0,306.9,442.1,2015-04-06 18:36:32.779642,2015-04-06 18:36:32.779642
27,16,Trump International Hotel and Tower,Chicago,423,423,67255,4,3,IL,United States,3,built,2009,98,mixed use,0,303.3,356.9,2015-04-06 18:36:32.784822,2015-04-06 18:36:32.784822
28,103808,Wanda Vista,Chicago,350,350,77682,4,3,IL,United States,3,proposed,2018,89,mixed use,0,0,349.9,2015-04-06 18:36:32.7893,2015-04-06 18:36:32.7893
29,31,Aon Center,Chicago,351,351,35636,4,3,IL,United States,3,built,1973,83,office,0,0,346.3,2015-04-06 18:36:32.793905,2015-04-06 18:36:32.793905
30,17,John Hancock Center,Chicago,457,457,34724,4,3,IL,United States,3,built,1969,100,mixed use,0,0,343.7,2015-04-06 18:36:32.79853,2015-04-06 18:36:32.79853
31,83611,625 West Monroe,Chicago,320,320,77685,4,3,IL,United States,3,proposed,0,75,mixed use,180.7,0,0,2015-04-06 18:36:32.80409,2015-04-06 18:36:32.80409
32,37,Franklin Center,Chicago,308,308,28119,4,3,IL,United States,3,built,1989,60,office,0,0,270.1,2015-04-06 18:36:32.808205,2015-04-06 18:36:32.808205
33,32,Two Prudential Plaza,Chicago,303,303,32857,4,3,IL,United States,3,built,1990,64,office,0,0,279,2015-04-06 18:36:32.812253,2015-04-06 18:36:32.812253
34,33,311 South Wacker,Chicago,293,293,55575,4,3,IL,United States,3,built,1990,65,office,0,257.3,292.9,2015-04-06 18:36:32.816447,2015-04-06 18:36:32.816447
35,66005,Wolf Point - South Tower,Chicago,290,290,74357,4,3,IL,United States,3,proposed,0,60,office,0,0,289.6,2015-04-06 18:36:32.820429,2015-04-06 18:36:32.820429
36,161,900 North Michigan,Chicago,266,266,42316,4,3,IL,United States,3,built,1989,66,mixed use,0,0,265.5,2015-04-06 18:36:32.82437,2015-04-06 18:36:32.82437
37,43,Water Tower Place,Chicago,262,262,77077,4,3,IL,United States,3,built,1976,74,mixed use,0,0,261.9,2015-04-06 18:36:32.828558,2015-04-06 18:36:32.828558
38,46482,Aqua,Chicago,262,262,61448,4,3,IL,United States,3,built,2009,86,mixed use,0,230,261.8,2015-04-06 18:36:32.832464,2015-04-06 18:36:32.832464
39,44,Chase Tower,Chicago,259,259,26961,4,3,IL,United States,3,built,1969,60,office,0,0,259.1,2015-04-06 18:36:32.836482,2015-04-06 18:36:32.836482
40,45,Park Tower,Chicago,257,257,32617,4,3,IL,United States,3,built,2000,67,mixed use,0,0,251.2,2015-04-06 18:36:32.840408,2015-04-06 18:36:32.840408
41,36058,Legacy at Millennium Park,Chicago,251,251,59221,4,3,IL,United States,3,built,2010,71,residential,0,0,249.6,2015-04-06 18:36:32.844272,2015-04-06 18:36:32.844272
42,40619,300 North LaSalle,Chicago,239,239,58166,4,3,IL,United States,3,built,2009,60,office,0,242.9,239.1,2015-04-06 18:36:32.848282,2015-04-06 18:36:32.848282
43,211,Three First National Plaza,Chicago,234,234,17613,4,3,IL,United States,3,built,1981,57,office,0,0,233.8,2015-04-06 18:36:32.852248,2015-04-06 18:36:32.852248
44,212,Chicago Title and Trust Building,Chicago,230,230,17773,4,3,IL,United States,3,built,1992,50,office,0,0,230.5,2015-04-06 18:36:32.856027,2015-04-06 18:36:32.856027
45,40007,Wolf Point - East Tower,Chicago,229,229,68176,4,3,IL,United States,3,proposed,0,50,office,0,0,228.6,2015-04-06 18:36:32.860063,2015-04-06 18:36:32.860063
46,6375,Blue Cross-Blue Shield Tower,Chicago,227,227,60933,4,3,IL,United States,3,built,2010,54,office,0,0,226.7,2015-04-06 18:36:32.864906,2015-04-06 18:36:32.864906
47,99974,150 North Riverside,Chicago,220,220,74077,4,3,IL,United States,3,under construction,2017,53,office,0,184.8,226.2,2015-04-06 18:36:32.869476,2015-04-06 18:36:32.869476
48,68558,200 North Riverside Plaza,Chicago,213,213,49786,4,3,IL,United States,3,under construction,2017,50,office,340.7,0,223,2015-04-06 18:36:32.873814,2015-04-06 18:36:32.873814
49,35956,One Museum Park,Chicago,224,224,44635,4,3,IL,United States,3,built,2009,62,residential,0,0,221.3,2015-04-06 18:36:32.878222,2015-04-06 18:36:32.878222
50,213,Olympia Centre,Chicago,221,221,55443,4,3,IL,United States,3,built,1986,63,mixed use,286.8,0,221,2015-04-06 18:36:32.883088,2015-04-06 18:36:32.883088
51,101478,820 2nd Avenue,Seattle,427,427,77779,27,24,WA,United States,24,proposed,0,77,mixed use,0,0,0,2015-04-06 18:36:32.887189,2015-04-06 18:36:32.887189
52,52,Columbia Center,Seattle,295,295,53660,27,24,WA,United States,24,built,1985,76,office,0,0,284.2,2015-04-06 18:36:32.891332,2015-04-06 18:36:32.891332
53,103432,Rainier Square Redevelopment,Seattle,260,260,80070,27,24,WA,United States,24,proposed,0,58,mixed use,0,0,258.8,2015-04-06 18:36:32.895486,2015-04-06 18:36:32.895486
54,163,Two Union Square,Seattle,243,243,19113,27,24,WA,United States,24,built,1989,56,office,0,0,225.6,2015-04-06 18:36:32.89958,2015-04-06 18:36:32.89958
55,164,1201 Third Avenue Tower,Seattle,235,235,19111,27,24,WA,United States,24,built,1988,55,office,0,0,235.3,2015-04-06 18:36:32.90357,2015-04-06 18:36:32.90357
56,156,Seattle Municipal Tower,Seattle,230,230,65429,27,24,WA,United States,24,built,1990,62,office,0,0,220.1,2015-04-06 18:36:32.907572,2015-04-06 18:36:32.907572
57,69837,Fifth and Columbia Tower,Seattle,201,201,48297,27,24,WA,United States,24,under construction,2017,43,office,0,0,201.2,2015-04-06 18:36:32.911606,2015-04-06 18:36:32.911606
58,3521,Safeco Plaza,Seattle,192,192,72348,27,24,WA,United States,24,built,1969,50,office,0,0,192,2015-04-06 18:36:32.916104,2015-04-06 18:36:32.916104
59,6603,City Centre,Seattle,185,185,52649,27,24,WA,United States,24,built,1989,44,office,0,0,176.8,2015-04-06 18:36:32.920227,2015-04-06 18:36:32.920227
60,8012,Russell Investments Center,Seattle,182,182,47441,27,24,WA,United States,24,built,2006,42,office,0,0,182.2,2015-04-06 18:36:32.924308,2015-04-06 18:36:32.924308
61,2154,Wells Fargo Center,Seattle,175,175,65425,27,24,WA,United States,24,built,1983,47,office,0,147.5,175,2015-04-06 18:36:32.928635,2015-04-06 18:36:32.928635
62,74492,Madison Centre,Seattle,171,171,50197,27,24,WA,United States,24,proposed,2017,40,office,228,326.1,170.7,2015-04-06 18:36:32.933095,2015-04-06 18:36:32.933095
63,3522,Bank of America Fifth Avenue Plaza,Seattle,176,176,65421,27,24,WA,United States,24,built,1981,42,office,0,277.4,165.5,2015-04-06 18:36:32.937313,2015-04-06 18:36:32.937313
64,3545,901 Fifth Avenue Building,Seattle,163,163,66236,27,24,WA,United States,24,built,1973,41,office,0,0,163.3,2015-04-06 18:36:32.941463,2015-04-06 18:36:32.941463
65,48021,2021 Seventh Avenue Tower,Seattle,152,152,67738,27,24,WA,United States,24,under construction,2016,37,office,0,244.4,159.7,2015-04-06 18:36:32.945866,2015-04-06 18:36:32.945866
66,60638,Civic Square Tower,Seattle,159,159,65431,27,24,WA,United States,24,proposed,0,40,mixed use,278,0,158.5,2015-04-06 18:36:32.950072,2015-04-06 18:36:32.950072
67,3542,Rainier Tower,Seattle,157,157,72578,27,24,WA,United States,24,built,1977,31,office,0,211.8,156.7,2015-04-06 18:36:32.954202,2015-04-06 18:36:32.954202
68,3513,The Tower at Fourth and Madison,Seattle,156,156,65465,27,24,WA,United States,24,built,2002,40,office,0,0,156.1,2015-04-06 18:36:32.958769,2015-04-06 18:36:32.958769
69,50777,1918 8th Avenue Tower,Seattle,152,152,65362,27,24,WA,United States,24,built,2009,36,office,0,0,152.4,2015-04-06 18:36:32.963288,2015-04-06 18:36:32.963288
70,826,Qwest Plaza,Seattle,157,157,65430,27,24,WA,United States,24,built,1976,33,office,0,187,151.8,2015-04-06 18:36:32.967579,2015-04-06 18:36:32.967579
71,3552,1000 Second Avenue,Seattle,153,153,58868,27,24,WA,United States,24,built,1987,43,office,0,0,150.3,2015-04-06 18:36:32.971755,2015-04-06 18:36:32.971755
72,4709,Henry M. Jackson Federal Building,Seattle,148,148,58869,27,24,WA,United States,24,built,1974,37,office,136.3,0,148.4,2015-04-06 18:36:32.97595,2015-04-06 18:36:32.97595
73,6965,Smith Tower,Seattle,148,148,74399,27,24,WA,United States,24,built,1914,38,office,222.5,0,140.8,2015-04-06 18:36:32.980289,2015-04-06 18:36:32.980289
74,3549,One Union Square,Seattle,139,139,65690,27,24,WA,United States,24,built,1981,36,office,229.5,0,139,2015-04-06 18:36:32.984738,2015-04-06 18:36:32.984738
75,41052,Olive 8,Seattle,131,131,36180,27,24,WA,United States,24,built,2009,39,mixed use,0,0,138.7,2015-04-06 18:36:32.989067,2015-04-06 18:36:32.989067
76,41341,Salesforce Tower,San Francisco,326,326,77337,114,14,CA,United States,14,under construction,2017,60,office,0,0,326.1,2015-04-06 18:36:32.997812,2015-04-06 18:36:32.997812
77,89205,50 First Street Tower 1,San Francisco,277,277,79597,114,14,CA,United States,14,proposed,0,85,mixed use,0,0,254.5,2015-04-06 18:36:33.002037,2015-04-06 18:36:33.002037
78,1601,Transamerica Pyramid,San Francisco,260,260,30205,114,14,CA,United States,14,built,1972,48,office,0,0,260,2015-04-06 18:36:33.006071,2015-04-06 18:36:33.006071
79,67666,181 Fremont,San Francisco,244,244,72321,114,14,CA,United States,14,under construction,2016,54,mixed use,0,0,227.1,2015-04-06 18:36:33.010098,2015-04-06 18:36:33.010098
80,238,555 California Street,San Francisco,237,237,70543,114,14,CA,United States,14,built,1969,52,office,0,0,237.4,2015-04-06 18:36:33.014124,2015-04-06 18:36:33.014124
81,467,345 California Center,San Francisco,220,220,36604,114,14,CA,United States,14,built,1986,48,mixed use,0,0,189,2015-04-06 18:36:33.018169,2015-04-06 18:36:33.018169
82,72394,Sun Tower,San Francisco,198,198,74207,114,14,CA,United States,14,proposed,2022,60,mixed use,0,0,198.1,2015-04-06 18:36:33.022202,2015-04-06 18:36:33.022202
83,6729,Millenium Tower,San Francisco,197,197,77303,114,14,CA,United States,14,built,2009,58,residential,0,0,196.6,2015-04-06 18:36:33.02621,2015-04-06 18:36:33.02621
84,2131,One Embarcadero Center,San Francisco,187,187,2129,114,14,CA,United States,14,built,1971,45,office,0,155.5,173.4,2015-04-06 18:36:33.030244,2015-04-06 18:36:33.030244
85,40624,One Rincon Hill - South Tower,San Francisco,184,184,77352,114,14,CA,United States,14,built,2008,54,residential,0,290.2,184.4,2015-04-06 18:36:33.03429,2015-04-06 18:36:33.03429
86,777,50 Fremont Center,San Francisco,183,183,77302,114,14,CA,United States,14,built,1985,43,office,0,0,182.9,2015-04-06 18:36:33.038248,2015-04-06 18:36:33.038248
87,788,101 California Street,San Francisco,183,183,77330,114,14,CA,United States,14,built,1982,48,office,0,0,182.9,2015-04-06 18:36:33.042156,2015-04-06 18:36:33.042156
88,2135,Chevron Tower,San Francisco,175,175,15392,114,14,CA,United States,14,built,1975,40,office,0,0,174.6,2015-04-06 18:36:33.046281,2015-04-06 18:36:33.046281
89,2132,Four Embarcadero Center,San Francisco,174,174,2130,114,14,CA,United States,14,built,1982,45,office,0,282.5,173.7,2015-04-06 18:36:33.050406,2015-04-06 18:36:33.050406
90,2133,44 Montgomery,San Francisco,181,181,78296,114,14,CA,United States,14,built,1967,43,office,207.2,0,172.2,2015-04-06 18:36:33.055241,2015-04-06 18:36:33.055241
91,760,Spear Tower,San Francisco,172,172,7965,114,14,CA,United States,14,built,1976,43,office,0,278.6,171.9,2015-04-06 18:36:33.059407,2015-04-06 18:36:33.059407
92,2134,One Sansome Street,San Francisco,168,168,2132,114,14,CA,United States,14,built,1984,39,office,0,0,168,2015-04-06 18:36:33.063649,2015-04-06 18:36:33.063649
93,40625,One Rincon Hill - North Tower,San Francisco,165,165,77351,114,14,CA,United States,14,built,2014,50,residential,0,272.2,164.9,2015-04-06 18:36:33.067972,2015-04-06 18:36:33.067972
94,2136,Shaklee Terraces,San Francisco,164,164,77332,114,14,CA,United States,14,built,1979,38,office,0,271.6,164,2015-04-06 18:36:33.07202,2015-04-06 18:36:33.07202
95,784,First Market Tower,San Francisco,161,161,18524,114,14,CA,United States,14,built,1973,38,office,0,0,161.2,2015-04-06 18:36:33.07608,2015-04-06 18:36:33.07608
96,785,McKesson Plaza,San Francisco,161,161,783,114,14,CA,United States,14,built,1969,38,office,0,0,161.2,2015-04-06 18:36:33.080096,2015-04-06 18:36:33.080096
97,786,425 Market Street,San Francisco,160,160,18495,114,14,CA,United States,14,built,1973,38,office,0,0,160,2015-04-06 18:36:33.084494,2015-04-06 18:36:33.084494
98,879,Hilton San Francisco Union Square,San Francisco,150,150,877,114,14,CA,United States,14,built,1971,46,hotel,0,0,150.3,2015-04-06 18:36:33.088567,2015-04-06 18:36:33.088567
99,92656,706 Mission,San Francisco,168,168,70533,114,14,CA,United States,14,proposed,0,43,residential,0,248.1,155.4,2015-04-06 18:36:33.092571,2015-04-06 18:36:33.092571
100,3322,Montgomery Tower,San Francisco,152,152,18536,114,14,CA,United States,14,built,1982,38,office,0,0,152.4,2015-04-06 18:36:33.096709,2015-04-06 18:36:33.096709
101,131,70 Pine Street,New York City,290,290,74456,8,6,NY,United States,6,built,1932,67,office,0,246.6,259.1,2015-04-06 18:36:33.100978,2015-04-06 18:36:33.100978
102,55258,220 Central Park South,New York City,290,290,76588,8,6,NY,United States,6,under construction,2017,65,residential,0,0,290,2015-04-06 18:36:33.105002,2015-04-06 18:36:33.105002
103,102768,101 Murray Street,New York City,290,290,77871,8,6,NY,United States,6,proposed,0,63,residential,0,0,289.6,2015-04-06 18:36:33.109118,2015-04-06 18:36:33.109118
104,71534,30 Park Place,New York City,279,279,65733,8,6,NY,United States,6,under construction,2016,82,mixed use,0,209,285.6,2015-04-06 18:36:33.113342,2015-04-06 18:36:33.113342
105,5902,40 Wall Street,New York City,283,283,42496,8,6,NY,United States,6,built,1930,71,office,0,0,0,2015-04-06 18:36:33.117535,2015-04-06 18:36:33.117535
106,1613,Citigroup Center,New York City,279,279,74266,8,6,NY,United States,6,built,1977,59,office,0,0,278.9,2015-04-06 18:36:33.121604,2015-04-06 18:36:33.121604
107,95162,15 Hudson Yards,New York City,257,257,73924,8,6,NY,United States,6,under construction,2017,75,residential,0,0,277.4,2015-04-06 18:36:33.125542,2015-04-06 18:36:33.125542
108,95163,10 Hudson Yards,New York City,273,273,73602,8,6,NY,United States,6,under construction,2016,49,office,0,0,272.8,2015-04-06 18:36:33.129667,2015-04-06 18:36:33.129667
109,17419,425 Park Avenue,New York City,261,261,73902,8,6,NY,United States,6,proposed,2017,42,mixed use,0,0,0,2015-04-06 18:36:33.133775,2015-04-06 18:36:33.133775
110,29664,New York by Gehry at Eight Spruce Street,New York City,267,267,62739,8,6,NY,United States,6,built,2011,76,residential,0,0,265.2,2015-04-06 18:36:33.137831,2015-04-06 18:36:33.137831
111,102019,90-94 Fulton Street,New York City,270,270,75486,8,6,NY,United States,6,proposed,0,75,residential,0,0,0,2015-04-06 18:36:33.14202,2015-04-06 18:36:33.14202
112,2197,The Trump World Tower,New York City,262,262,77319,8,6,NY,United States,6,built,2001,72,residential,0,0,262.4,2015-04-06 18:36:33.146999,2015-04-06 18:36:33.146999
113,203,GE Building,New York City,263,263,14684,8,6,NY,United States,6,built,1933,70,office,0,0,259.8,2015-04-06 18:36:33.151231,2015-04-06 18:36:33.151231
114,67507,56 Leonard Street,New York City,250,250,67416,8,6,NY,United States,6,under construction,2016,58,residential,0,0,250.2,2015-04-06 18:36:33.155336,2015-04-06 18:36:33.155336
115,7153,CitySpire Center,New York City,248,248,55621,8,6,NY,United States,6,built,1987,75,mixed use,101.5,0,0,2015-04-06 18:36:33.159412,2015-04-06 18:36:33.159412
116,236,One Chase Manhattan Plaza,New York City,248,248,40556,8,6,NY,United States,6,built,1961,60,office,0,0,247.8,2015-04-06 18:36:33.163511,2015-04-06 18:36:33.163511
117,3837,4 Times Square,New York City,341,341,74482,8,6,NY,United States,6,built,1999,48,office,0,195.7,213.7,2015-04-06 18:36:33.167626,2015-04-06 18:36:33.167626
118,1465,MetLife Building,New York City,246,246,74438,8,6,NY,United States,6,built,1963,58,office,0,195.4,246.3,2015-04-06 18:36:33.171864,2015-04-06 18:36:33.171864
119,3401,Bloomberg Tower,New York City,287,287,74440,8,6,NY,United States,6,built,2005,54,mixed use,0,0,245.7,2015-04-06 18:36:33.176185,2015-04-06 18:36:33.176185
120,832,Woolworth Building,New York City,241,241,74220,8,6,NY,United States,6,built,1913,57,mixed use,0,0,241.4,2015-04-06 18:36:33.180583,2015-04-06 18:36:33.180583
121,3760,520 Park Avenue,New York City,238,238,77767,8,6,NY,United States,6,under construction,2017,51,residential,0,0,238,2015-04-06 18:36:33.184832,2015-04-06 18:36:33.184832
122,30861,55 Hudson Yards,New York City,238,238,77396,8,6,NY,United States,6,under construction,2018,51,office,0,192,237.7,2015-04-06 18:36:33.189074,2015-04-06 18:36:33.189074
123,1622,One Worldwide Plaza,New York City,237,237,74323,8,6,NY,United States,6,built,1989,49,office,0,191.1,237.1,2015-04-06 18:36:33.193316,2015-04-06 18:36:33.193316
124,31944,45 East 22nd Street,New York City,237,237,77027,8,6,NY,United States,6,under construction,2017,58,residential,0,0,236.8,2015-04-06 18:36:33.197601,2015-04-06 18:36:33.197601
125,188,Carnegie Hall Tower,New York City,231,231,18209,8,6,NY,United States,6,built,1991,60,office,0,0,230.7,2015-04-06 18:36:33.201778,2015-04-06 18:36:33.201778
126,34111,130 North Franklin,Chicago,213,213,72277,4,3,IL,United States,3,proposed,0,48,office,0,0,212.1,2015-04-06 18:36:33.210177,2015-04-06 18:36:33.210177
127,4033,IBM Building,Chicago,212,212,76377,4,3,IL,United States,3,built,1973,52,office,0,134.1,211.8,2015-04-06 18:36:33.21455,2015-04-06 18:36:33.21455
128,32997,Elysian,Chicago,209,209,60888,4,3,IL,United States,3,built,2010,60,mixed use,0,0,205.4,2015-04-06 18:36:33.218788,2015-04-06 18:36:33.218788
129,8585,111 South Wacker,Chicago,208,208,58176,4,3,IL,United States,3,built,2005,52,office,0,0,207.6,2015-04-06 18:36:33.222877,2015-04-06 18:36:33.222877
130,214,181 West Madison,Chicago,207,207,55896,4,3,IL,United States,3,built,1990,50,office,0,0,207.3,2015-04-06 18:36:33.226989,2015-04-06 18:36:33.226989
131,7703,Hyatt Center,Chicago,207,207,58168,4,3,IL,United States,3,built,2005,48,office,0,0,207.1,2015-04-06 18:36:33.231091,2015-04-06 18:36:33.231091
132,61601,The Chicago,Chicago,206,206,73663,4,3,IL,United States,3,proposed,0,70,residential,0,0,0,2015-04-06 18:36:33.23542,2015-04-06 18:36:33.23542
133,1055,One Magnificent Mile,Chicago,205,205,34831,4,3,IL,United States,3,built,1983,57,mixed use,0,0,205.1,2015-04-06 18:36:33.239847,2015-04-06 18:36:33.239847
134,18341,340 on the Park,Chicago,205,205,53636,4,3,IL,United States,3,built,2007,64,residential,0,0,204.9,2015-04-06 18:36:33.244019,2015-04-06 18:36:33.244019
135,1686,United Building,Chicago,204,204,55499,4,3,IL,United States,3,built,1992,49,office,0,0,203.6,2015-04-06 18:36:33.248077,2015-04-06 18:36:33.248077
136,869,UBS Tower,Chicago,202,202,33778,4,3,IL,United States,3,built,2001,50,office,0,0,198.6,2015-04-06 18:36:33.252053,2015-04-06 18:36:33.252053
137,2146,Richard J. Daley Center,Chicago,198,198,40503,4,3,IL,United States,3,built,1965,32,courthouse,0,0,197.5,2015-04-06 18:36:33.255984,2015-04-06 18:36:33.255984
138,8642,55 East Erie,Chicago,198,198,52584,4,3,IL,United States,3,built,2003,58,residential,0,0,197.2,2015-04-06 18:36:33.259945,2015-04-06 18:36:33.259945
139,82,Lake Point Tower,Chicago,204,204,58355,4,3,IL,United States,3,built,1968,69,residential,0,111.6,196.6,2015-04-06 18:36:33.264128,2015-04-06 18:36:33.264128
140,925,River East Center,Chicago,196,196,51673,4,3,IL,United States,3,built,2001,58,residential,0,0,196.3,2015-04-06 18:36:33.268505,2015-04-06 18:36:33.268505
141,104525,201 North Columbus Drive,Chicago,196,196,79087,4,3,IL,United States,3,proposed,0,60,mixed use,0,0,0,2015-04-06 18:36:33.27266,2015-04-06 18:36:33.27266
142,5778,Grand Plaza I,Chicago,195,195,5776,4,3,IL,United States,3,built,2004,57,residential,0,148.4,170.9,2015-04-06 18:36:33.276765,2015-04-06 18:36:33.276765
143,52600,155 North Wacker,Chicago,195,195,53712,4,3,IL,United States,3,built,2009,45,office,0,0,194.6,2015-04-06 18:36:33.281014,2015-04-06 18:36:33.281014
144,6669,Leo Burnett Building,Chicago,194,194,33759,4,3,IL,United States,3,built,1989,46,office,0,147.5,193.6,2015-04-06 18:36:33.285224,2015-04-06 18:36:33.285224
145,8752,The Heritage at Millennium Park,Chicago,189,189,11473,4,3,IL,United States,3,built,2005,57,residential,0,0,192.4,2015-04-06 18:36:33.289263,2015-04-06 18:36:33.289263
146,5386,OneEleven,Chicago,192,192,68145,4,3,IL,United States,3,built,2014,59,residential,0,0,187.8,2015-04-06 18:36:33.293438,2015-04-06 18:36:33.293438
147,329,NBC Tower,Chicago,182,182,73157,4,3,IL,United States,3,built,1989,37,office,0,0,151.5,2015-04-06 18:36:33.29751,2015-04-06 18:36:33.29751
148,43456,353 North Clark,Chicago,190,190,59476,4,3,IL,United States,3,built,2009,40,office,0,0,190.2,2015-04-06 18:36:33.301871,2015-04-06 18:36:33.301871
149,5936,Millennium Centre,Chicago,188,188,32045,4,3,IL,United States,3,built,2004,59,residential,0,140.2,185.9,2015-04-06 18:36:33.306018,2015-04-06 18:36:33.306018
150,5931,Chicago Place,Chicago,185,185,5929,4,3,IL,United States,3,built,1991,49,residential,0,0,185.3,2015-04-06 18:36:33.31005,2015-04-06 18:36:33.31005
151,3550,Eleven-Eleven Third Av.,Seattle,138,138,65428,27,24,WA,United States,24,built,1980,34,office,0,0,138.4,2015-04-06 18:36:33.314264,2015-04-06 18:36:33.314264
152,968,The Westin Seattle North Tower,Seattle,138,138,7606,27,24,WA,United States,24,built,1982,44,hotel,0,0,137,2015-04-06 18:36:33.318368,2015-04-06 18:36:33.318368
153,85710,Premier on Pine,Seattle,148,148,68126,27,24,WA,United States,24,built,2015,37,residential,0,0,135.3,2015-04-06 18:36:33.322481,2015-04-06 18:36:33.322481
154,71810,1823 Minor Avenue,Seattle,134,134,49552,27,24,WA,United States,24,under construction,2017,40,residential,0,0,0,2015-04-06 18:36:33.326592,2015-04-06 18:36:33.326592
155,41840,Fifteen Twenty-One Second Avenue,Seattle,134,134,41262,27,24,WA,United States,24,built,2008,36,residential,0,0,134.1,2015-04-06 18:36:33.331171,2015-04-06 18:36:33.331171
156,70869,Stewart + Minor,Seattle,134,134,61567,27,24,WA,United States,24,proposed,0,32,residential,0,0,134.1,2015-04-06 18:36:33.335315,2015-04-06 18:36:33.335315
157,42423,2000 Third Avenue Condominiums,Seattle,137,137,59030,27,24,WA,United States,24,proposed,0,43,residential,0,0,134.1,2015-04-06 18:36:33.339477,2015-04-06 18:36:33.339477
158,7178,Westin Building,Seattle,127,127,34142,27,24,WA,United States,24,built,1981,34,office,0,128,124.7,2015-04-06 18:36:33.343559,2015-04-06 18:36:33.343559
159,47162,600 Wall Street,Seattle,122,122,58919,27,24,WA,United States,24,proposed,0,39,residential,0,0,0,2015-04-06 18:36:33.347844,2015-04-06 18:36:33.347844
160,69530,Aspira,Seattle,122,122,59077,27,24,WA,United States,24,built,2009,37,residential,0,229.5,121.9,2015-04-06 18:36:33.352031,2015-04-06 18:36:33.352031
161,969,The Westin Seattle South Tower,Seattle,122,122,7607,27,24,WA,United States,24,built,1969,40,hotel,0,0,121,2015-04-06 18:36:33.356369,2015-04-06 18:36:33.356369
162,7662,United States Federal Courthouse,Seattle,119,119,9192,27,24,WA,United States,24,built,2004,23,courthouse,0,0,118.9,2015-04-06 18:36:33.360567,2015-04-06 18:36:33.360567
163,7179,Financial Center,Seattle,119,119,66238,27,24,WA,United States,24,built,1972,28,office,0,0,118.6,2015-04-06 18:36:33.364773,2015-04-06 18:36:33.364773
164,3560,Century Square,Seattle,116,116,65924,27,24,WA,United States,24,built,1986,30,office,0,0,116.1,2015-04-06 18:36:33.368867,2015-04-06 18:36:33.368867
165,5725,Sheraton Seattle,Seattle,113,113,66241,27,24,WA,United States,24,built,1982,34,hotel,0,0,113.1,2015-04-06 18:36:33.372982,2015-04-06 18:36:33.372982
166,1878,Seattle Tower,Seattle,107,107,65933,27,24,WA,United States,24,built,1929,27,office,0,0,96.9,2015-04-06 18:36:33.3771,2015-04-06 18:36:33.3771
167,41051,West 8th,Seattle,110,110,65925,27,24,WA,United States,24,built,2009,28,office,0,0,109.7,2015-04-06 18:36:33.381181,2015-04-06 18:36:33.381181
168,5598,520 Pike Tower,Seattle,110,110,65657,27,24,WA,United States,24,built,1983,29,office,0,0,109.7,2015-04-06 18:36:33.385349,2015-04-06 18:36:33.385349
169,6813,Crowne Plaza Hotel,Seattle,107,107,14607,27,24,WA,United States,24,built,1980,34,hotel,0,0,107,2015-04-06 18:36:33.389486,2015-04-06 18:36:33.389486
170,3564,First Hill Plaza,Seattle,105,105,3562,27,24,WA,United States,24,built,1982,33,residential,0,0,106.4,2015-04-06 18:36:33.394054,2015-04-06 18:36:33.394054
171,5567,Continental Place Tower,Seattle,106,106,5565,27,24,WA,United States,24,built,1981,34,residential,0,0,106.4,2015-04-06 18:36:33.398534,2015-04-06 18:36:33.398534
172,5422,Westlake Center,Seattle,105,105,65427,27,24,WA,United States,24,built,1988,25,office,0,223.3,105,2015-04-06 18:36:33.402802,2015-04-06 18:36:33.402802
173,3561,Sedgwick James Building,Seattle,105,105,67037,27,24,WA,United States,24,built,1979,25,office,0,221.3,105,2015-04-06 18:36:33.406886,2015-04-06 18:36:33.406886
174,6814,One Convention Place,Seattle,107,107,7713,27,24,WA,United States,24,built,2001,22,office,0,184.4,103.3,2015-04-06 18:36:33.411024,2015-04-06 18:36:33.411024
175,41839,Escala,Seattle,101,101,56959,27,24,WA,United States,24,built,2009,30,residential,0,0,100.6,2015-04-06 18:36:33.415246,2015-04-06 18:36:33.415246
176,3454,333 Bush,San Francisco,151,151,70552,114,14,CA,United States,14,built,1986,36,mixed use,0,0,150.9,2015-04-06 18:36:33.424329,2015-04-06 18:36:33.424329
177,1395,Pacific Gas and Electric Building,San Francisco,150,150,19099,114,14,CA,United States,14,built,1971,32,office,0,0,150,2015-04-06 18:36:33.428572,2015-04-06 18:36:33.428572
178,9352,555 Mission,San Francisco,140,140,46277,114,14,CA,United States,14,built,2008,33,office,0,0,139.6,2015-04-06 18:36:33.432916,2015-04-06 18:36:33.432916
179,884,50 California,San Francisco,148,148,18538,114,14,CA,United States,14,built,1972,37,office,0,0,148.4,2015-04-06 18:36:33.437421,2015-04-06 18:36:33.437421
180,905,Saint Regis Hotel and Residences,San Francisco,146,146,49479,114,14,CA,United States,14,built,2005,42,mixed use,0,0,146.3,2015-04-06 18:36:33.441721,2015-04-06 18:36:33.441721
181,1114,100 Pine Center,San Francisco,145,145,18550,114,14,CA,United States,14,built,1972,33,office,0,0,145.1,2015-04-06 18:36:33.445882,2015-04-06 18:36:33.445882
182,913,45 Fremont Center,San Francisco,149,149,18544,114,14,CA,United States,14,built,1978,34,office,0,0,145,2015-04-06 18:36:33.450048,2015-04-06 18:36:33.450048
183,914,333 Market,San Francisco,144,144,67264,114,14,CA,United States,14,built,1979,33,office,0,0,144,2015-04-06 18:36:33.454288,2015-04-06 18:36:33.454288
184,1396,650 California Street,San Francisco,142,142,19109,114,14,CA,United States,14,built,1964,33,office,0,0,142,2015-04-06 18:36:33.458443,2015-04-06 18:36:33.458443
185,1100,PacBell Building,San Francisco,133,133,1098,114,14,CA,United States,14,built,1925,26,mixed use,0,0,132.6,2015-04-06 18:36:33.462581,2015-04-06 18:36:33.462581
186,30100,The Infinity II,San Francisco,137,137,77299,114,14,CA,United States,14,built,2009,41,residential,0,0,137.2,2015-04-06 18:36:33.466948,2015-04-06 18:36:33.466948
187,14967,524 Howard Street,San Francisco,137,137,74208,114,14,CA,United States,14,proposed,0,44,residential,0,0,137.2,2015-04-06 18:36:33.471018,2015-04-06 18:36:33.471018
188,1844,One California,San Francisco,134,134,77333,114,14,CA,United States,14,built,1969,32,office,0,177.4,133.5,2015-04-06 18:36:33.475017,2015-04-06 18:36:33.475017
189,1892,San Francisco Marriott,San Francisco,133,133,1890,114,14,CA,United States,14,built,1989,39,hotel,0,0,132.9,2015-04-06 18:36:33.479071,2015-04-06 18:36:33.479071
190,846,Russ Building,San Francisco,133,133,18011,114,14,CA,United States,14,built,1927,31,office,0,0,132.6,2015-04-06 18:36:33.483221,2015-04-06 18:36:33.483221
191,58978,45 Lansing,San Francisco,139,139,52034,114,14,CA,United States,14,under construction,2015,45,residential,0,0,131.1,2015-04-06 18:36:33.487254,2015-04-06 18:36:33.487254
192,4288,The Paramount,San Francisco,127,127,4286,114,14,CA,United States,14,built,2002,40,residential,0,0,128,2015-04-06 18:36:33.491401,2015-04-06 18:36:33.491401
193,920,JP MorganChase Building,San Francisco,128,128,77348,114,14,CA,United States,14,built,2002,31,office,0,0,128,2015-04-06 18:36:33.495476,2015-04-06 18:36:33.495476
194,1583,100 Van Ness,San Francisco,122,122,63086,114,14,CA,United States,14,built,1974,29,residential,0,0,121.9,2015-04-06 18:36:33.499488,2015-04-06 18:36:33.499488
195,2037,Providian Financial Building,San Francisco,123,123,17109,114,14,CA,United States,14,built,1981,30,office,0,0,127,2015-04-06 18:36:33.50366,2015-04-06 18:36:33.50366
196,2108,Three Embarcadero Center,San Francisco,126,126,2106,114,14,CA,United States,14,built,1977,31,office,0,0,126,2015-04-06 18:36:33.507847,2015-04-06 18:36:33.507847
197,2114,Two Embarcadero Center,San Francisco,126,126,2112,114,14,CA,United States,14,built,1973,30,office,0,0,126,2015-04-06 18:36:33.511899,2015-04-06 18:36:33.511899
198,1880,595 Market,San Francisco,125,125,76996,114,14,CA,United States,14,built,1979,31,office,0,173,125,2015-04-06 18:36:33.516144,2015-04-06 18:36:33.516144
199,3062,123 Mission,San Francisco,124,124,3060,114,14,CA,United States,14,built,1986,29,office,0,0,124,2015-04-06 18:36:33.520584,2015-04-06 18:36:33.520584
200,3265,Embarcadero Center West,San Francisco,123,123,62979,114,14,CA,United States,14,built,1989,34,office,0,0,123.1,2015-04-06 18:36:33.524682,2015-04-06 18:36:33.524682
201,1958,383 Madison Avenue,New York City,231,231,26669,8,6,NY,United States,6,built,2001,47,office,0,0,230.3,2015-04-06 18:36:33.528682,2015-04-06 18:36:33.528682
202,88271,Courtyard and Residence Inn Manhattan/Central Park,New York City,230,230,76077,8,6,NY,United States,6,built,2013,68,hotel,0,0,229.7,2015-04-06 18:36:33.532935,2015-04-06 18:36:33.532935
203,3794,AXA Center,New York City,229,229,17920,8,6,NY,United States,6,built,1986,54,office,0,0,229.3,2015-04-06 18:36:33.537072,2015-04-06 18:36:33.537072
204,3852,Time Warner Center,New York City,229,229,74418,8,6,NY,United States,6,built,2004,55,mixed use,0,206,228.6,2015-04-06 18:36:33.541233,2015-04-06 18:36:33.541233
205,249,One Penn Plaza,New York City,229,229,37306,8,6,NY,United States,6,built,1972,57,office,0,0,228.6,2015-04-06 18:36:33.545361,2015-04-06 18:36:33.545361
206,2597,1251 Avenue of the Americas,New York City,229,229,30153,8,6,NY,United States,6,built,1971,54,office,0,0,228.6,2015-04-06 18:36:33.549636,2015-04-06 18:36:33.549636
207,29076,Goldman Sachs World Headquarters,New York City,228,228,74454,8,6,NY,United States,6,built,2010,43,office,0,0,228.3,2015-04-06 18:36:33.553774,2015-04-06 18:36:33.553774
208,2724,60 Wall Street,New York City,227,227,74309,8,6,NY,United States,6,built,1989,56,office,0,0,227.1,2015-04-06 18:36:33.557904,2015-04-06 18:36:33.557904
209,306,One Astor Plaza,New York City,227,227,74254,8,6,NY,United States,6,built,1972,54,office,0,0,227.1,2015-04-06 18:36:33.561943,2015-04-06 18:36:33.561943
210,7422,Seven World Trade Center,New York City,227,227,74693,8,6,NY,United States,6,built,2006,52,office,0,0,226.5,2015-04-06 18:36:33.566154,2015-04-06 18:36:33.566154
211,2376,One Liberty Plaza,New York City,227,227,61664,8,6,NY,United States,6,built,1973,54,office,0,0,226.5,2015-04-06 18:36:33.570311,2015-04-06 18:36:33.570311
212,231,20 Exchange Place,New York City,228,228,4166,8,6,NY,United States,6,built,1931,57,office,0,0,225.9,2015-04-06 18:36:33.574447,2015-04-06 18:36:33.574447
213,248,Three World Financial Center,New York City,225,225,64818,8,6,NY,United States,6,built,1986,51,office,0,0,225.2,2015-04-06 18:36:33.578717,2015-04-06 18:36:33.578717
214,1033,1540 Broadway,New York City,223,223,41210,8,6,NY,United States,6,built,1990,45,office,0,0,187.7,2015-04-06 18:36:33.583257,2015-04-06 18:36:33.583257
215,5773,Times Square Tower,New York City,221,221,37015,8,6,NY,United States,6,built,2004,49,office,0,0,220.7,2015-04-06 18:36:33.587562,2015-04-06 18:36:33.587562
216,307,Metropolitan Tower,New York City,229,229,35623,8,6,NY,United States,6,built,1987,68,mixed use,0,0,218.2,2015-04-06 18:36:33.591857,2015-04-06 18:36:33.591857
217,69574,252 East 57th,New York City,219,219,65983,8,6,NY,United States,6,under construction,2016,59,residential,0,0,217.9,2015-04-06 18:36:33.595973,2015-04-06 18:36:33.595973
218,35083,100 East 53rd Street,New York City,209,209,52247,8,6,NY,United States,6,under construction,2017,62,mixed use,0,0,217,2015-04-06 18:36:33.600314,2015-04-06 18:36:33.600314
219,232,500 Fifth Avenue,New York City,219,219,34886,8,6,NY,United States,6,built,1931,58,office,0,0,216.1,2015-04-06 18:36:33.604487,2015-04-06 18:36:33.604487
220,2589,JP Morgan Chase World Headquarters,New York City,230,230,37829,8,6,NY,United States,6,built,1960,52,office,0,0,215.5,2015-04-06 18:36:33.608861,2015-04-06 18:36:33.608861
221,2311,General Motors Building,New York City,215,215,62708,8,6,NY,United States,6,built,1968,50,office,0,195.7,214.9,2015-04-06 18:36:33.613151,2015-04-06 18:36:33.613151
222,303,Metropolitan Life Tower,New York City,213,213,58994,8,6,NY,United States,6,built,1909,50,office,0,195.1,213.4,2015-04-06 18:36:33.617334,2015-04-06 18:36:33.617334
223,1061,Americas Tower,New York City,211,211,42611,8,6,NY,United States,6,built,1992,50,office,0,172.2,210.9,2015-04-06 18:36:33.621475,2015-04-06 18:36:33.621475
224,1462,Solow Building,New York City,210,210,13093,8,6,NY,United States,6,built,1974,50,office,0,0,210,2015-04-06 18:36:33.625615,2015-04-06 18:36:33.625615
225,1194,HSBC Bank Building,New York City,210,210,32778,8,6,NY,United States,6,built,1967,52,office,0,0,209.7,2015-04-06 18:36:33.633913,2015-04-06 18:36:33.633913
226,2335,Chicago Board of Trade,Chicago,184,184,38329,4,3,IL,United States,3,built,1930,44,office,0,0,174.9,2015-04-06 18:36:33.638445,2015-04-06 18:36:33.638445
227,101670,Northwestern University Biomedical Research Building,Chicago,184,184,74814,4,3,IL,United States,3,proposed,0,35,hospital,0,0,0,2015-04-06 18:36:33.642867,2015-04-06 18:36:33.642867
228,6941,CNA Center,Chicago,187,187,32037,4,3,IL,United States,3,built,1972,44,office,0,0,183.2,2015-04-06 18:36:33.647111,2015-04-06 18:36:33.647111
229,3799,One Prudential Plaza,Chicago,278,278,38274,4,3,IL,United States,3,built,1955,41,office,0,0,183.2,2015-04-06 18:36:33.65127,2015-04-06 18:36:33.65127
230,5421,Heller International Building,Chicago,184,184,33736,4,3,IL,United States,3,built,1992,45,office,0,0,182.9,2015-04-06 18:36:33.655415,2015-04-06 18:36:33.655415
231,101347,151 North Franklin Street,Chicago,150,150,74775,4,3,IL,United States,3,proposed,0,36,office,0,0,182.9,2015-04-06 18:36:33.659459,2015-04-06 18:36:33.659459
232,3314,Madison Plaza,Chicago,182,182,55914,4,3,IL,United States,3,built,1982,45,office,0,168.8,182,2015-04-06 18:36:33.663567,2015-04-06 18:36:33.663567
233,42891,Central Station - One Museum Park West,Chicago,181,181,60574,4,3,IL,United States,3,built,2010,54,residential,0,0,181.3,2015-04-06 18:36:33.667714,2015-04-06 18:36:33.667714
234,909,1000 Lake Shore Plaza,Chicago,180,180,40562,4,3,IL,United States,3,built,1964,55,residential,0,0,179.8,2015-04-06 18:36:33.672016,2015-04-06 18:36:33.672016
235,36139,The Clare at Water Tower,Chicago,181,181,36712,4,3,IL,United States,3,built,2008,52,residential,0,0,179.5,2015-04-06 18:36:33.676341,2015-04-06 18:36:33.676341
236,931,Citicorp Center,Chicago,184,184,40381,4,3,IL,United States,3,built,1987,42,office,0,0,179.2,2015-04-06 18:36:33.680476,2015-04-06 18:36:33.680476
237,196,Marina City II,Chicago,179,179,3446,4,3,IL,United States,3,built,1962,61,residential,0,0,179.2,2015-04-06 18:36:33.684627,2015-04-06 18:36:33.684627
238,195,Marina City I,Chicago,179,179,3445,4,3,IL,United States,3,built,1962,61,residential,0,0,179.2,2015-04-06 18:36:33.688723,2015-04-06 18:36:33.688723
239,38583,150 East Ontario,Chicago,179,179,56275,4,3,IL,United States,3,proposed,0,51,mixed use,0,165.5,179,2015-04-06 18:36:33.692705,2015-04-06 18:36:33.692705
240,330,Smurfit-Stone Building,Chicago,175,175,55486,4,3,IL,United States,3,built,1984,41,office,0,0,177.4,2015-04-06 18:36:33.696746,2015-04-06 18:36:33.696746
241,908,Mid-Continental Plaza,Chicago,177,177,66230,4,3,IL,United States,3,built,1972,50,mixed use,0,0,177.4,2015-04-06 18:36:33.70106,2015-04-06 18:36:33.70106
242,932,North Pier Apartments,Chicago,177,177,28588,4,3,IL,United States,3,built,1990,61,residential,0,164,177,2015-04-06 18:36:33.705553,2015-04-06 18:36:33.705553
243,8717,Citadel Center,Chicago,177,177,11421,4,3,IL,United States,3,built,2003,39,office,0,0,176.8,2015-04-06 18:36:33.70968,2015-04-06 18:36:33.70968
244,6263,Civic Opera Building,Chicago,176,176,6261,4,3,IL,United States,3,built,1929,45,office,0,0,169.2,2015-04-06 18:36:33.713748,2015-04-06 18:36:33.713748
245,18340,The Fordham,Chicago,175,175,33923,4,3,IL,United States,3,built,2003,52,residential,0,0,175,2015-04-06 18:36:33.718325,2015-04-06 18:36:33.718325
246,3137,190 South LaSalle,Chicago,179,179,33760,4,3,IL,United States,3,built,1987,40,office,0,0,174.7,2015-04-06 18:36:33.722459,2015-04-06 18:36:33.722459
247,35954,One South Dearborn,Chicago,174,174,45203,4,3,IL,United States,3,built,2005,39,office,0,0,174,2015-04-06 18:36:33.726436,2015-04-06 18:36:33.726436
248,930,Onterie Center,Chicago,174,174,76926,4,3,IL,United States,3,built,1986,58,office,0,0,173.7,2015-04-06 18:36:33.730519,2015-04-06 18:36:33.730519
249,7088,Loews North Park Drive,Chicago,173,173,74157,4,3,IL,United States,3,built,2015,54,mixed use,0,0,173.4,2015-04-06 18:36:33.734775,2015-04-06 18:36:33.734775
250,5855,Chicago Temple Building,Chicago,176,176,5853,4,3,IL,United States,3,built,1924,23,office,0,0,100.6,2015-04-06 18:36:33.73889,2015-04-06 18:36:33.73889
251,40755,Cosmopolitan,Seattle,101,101,36122,27,24,WA,United States,24,built,2007,33,residential,0,0,99,2015-04-06 18:36:33.74284,2015-04-06 18:36:33.74284
252,6816,1700 Seventh Avenue,Seattle,99,99,65865,27,24,WA,United States,24,built,2001,23,office,0,0,99,2015-04-06 18:36:33.746932,2015-04-06 18:36:33.746932
253,5054,Madison Renaissance Hotel,Seattle,99,99,5052,27,24,WA,United States,24,built,1983,28,hotel,0,0,99,2015-04-06 18:36:33.75115,2015-04-06 18:36:33.75115
254,7195,University of Washington Plaza,Seattle,99,99,65907,27,24,WA,United States,24,built,1975,22,office,0,0,83.3,2015-04-06 18:36:33.755501,2015-04-06 18:36:33.755501
255,7406,Exchange Building,Seattle,99,99,8593,27,24,WA,United States,24,built,1930,22,office,0,0,97,2015-04-06 18:36:33.759584,2015-04-06 18:36:33.759584
256,5602,W Hotel,Seattle,97,97,5600,27,24,WA,United States,24,built,1999,27,hotel,0,0,96,2015-04-06 18:36:33.763848,2015-04-06 18:36:33.763848
257,5570,Second and Seneca,Seattle,96,96,65975,27,24,WA,United States,24,built,1991,22,office,0,0,95,2015-04-06 18:36:33.768339,2015-04-06 18:36:33.768339
258,7072,Metropolitan Tower,Seattle,95,95,11201,27,24,WA,United States,24,built,2001,32,residential,0,0,91,2015-04-06 18:36:33.772326,2015-04-06 18:36:33.772326
259,4449,Pacific Building,Seattle,91,91,10005,27,24,WA,United States,24,built,1971,23,office,0,0,91,2015-04-06 18:36:33.776305,2015-04-06 18:36:33.776305
260,5603,Norton Building,Seattle,91,91,5601,27,24,WA,United States,24,built,1959,19,office,0,0,90,2015-04-06 18:36:33.780278,2015-04-06 18:36:33.780278
261,5568,Centennial Tower,Seattle,90,90,5566,27,24,WA,United States,24,built,1999,27,residential,0,0,89.9,2015-04-06 18:36:33.78441,2015-04-06 18:36:33.78441
262,47163,Skyline at First Hill,Seattle,90,90,57054,27,24,WA,United States,24,built,2009,27,residential,0,93.9,88.1,2015-04-06 18:36:33.78853,2015-04-06 18:36:33.78853
263,3660,Puget Sound Plaza,Seattle,88,88,65723,27,24,WA,United States,24,built,1960,20,office,0,0,87,2015-04-06 18:36:33.792588,2015-04-06 18:36:33.792588
264,5562,Elliott Grand Hyatt,Seattle,87,87,12453,27,24,WA,United States,24,built,2001,30,hotel,0,0,87,2015-04-06 18:36:33.797327,2015-04-06 18:36:33.797327
265,7731,Washington Athletic Club,Seattle,93,93,9328,27,24,WA,United States,24,built,1930,22,office,0,0,0,2015-04-06 18:36:33.801894,2015-04-06 18:36:33.801894
266,63770,Viktoria Apartments,Seattle,85,85,58890,27,24,WA,United States,24,built,2014,25,residential,0,0,85,2015-04-06 18:36:33.806158,2015-04-06 18:36:33.806158
267,5670,Metropolitan Park East,Seattle,85,85,65479,27,24,WA,United States,24,built,1988,20,office,0,0,84,2015-04-06 18:36:33.810257,2015-04-06 18:36:33.810257
268,7873,Watermark Tower,Seattle,95,95,9876,27,24,WA,United States,24,built,1983,23,residential,0,0,84,2015-04-06 18:36:33.814425,2015-04-06 18:36:33.814425
269,5519,IBM Building,Seattle,84,84,5517,27,24,WA,United States,24,built,1964,20,office,0,0,83,2015-04-06 18:36:33.818527,2015-04-06 18:36:33.818527
270,5606,Millennium Tower,Seattle,83,83,65830,27,24,WA,United States,24,built,2001,20,office,0,0,83,2015-04-06 18:36:33.822744,2015-04-06 18:36:33.822744
271,5571,Seattle Heights,Seattle,83,83,5569,27,24,WA,United States,24,built,1993,26,residential,0,0,83,2015-04-06 18:36:33.827013,2015-04-06 18:36:33.827013
272,7196,720 Olive Way,Seattle,83,83,65691,27,24,WA,United States,24,built,1981,19,office,0,0,83,2015-04-06 18:36:33.831401,2015-04-06 18:36:33.831401
273,4258,Park Place,Seattle,83,83,65660,27,24,WA,United States,24,built,1972,21,office,0,0,82,2015-04-06 18:36:33.836003,2015-04-06 18:36:33.836003
274,4561,Plaza 600,Seattle,82,82,65863,27,24,WA,United States,24,built,1969,20,office,0,0,82,2015-04-06 18:36:33.840225,2015-04-06 18:36:33.840225
275,8875,University Plaza Condominiums,Seattle,82,82,31261,27,24,WA,United States,24,built,1965,24,residential,0,0,123,2015-04-06 18:36:33.848856,2015-04-06 18:36:33.848856
276,1860,101 Montgomery,San Francisco,123,123,1858,114,14,CA,United States,14,built,1984,28,office,0,0,121.3,2015-04-06 18:36:33.853857,2015-04-06 18:36:33.853857
277,1329,Four Seasons Hotel and Residences,San Francisco,121,121,77328,114,14,CA,United States,14,built,2001,40,mixed use,0,0,121.3,2015-04-06 18:36:33.858802,2015-04-06 18:36:33.858802
278,2312,One Maritime Plaza,San Francisco,121,121,77301,114,14,CA,United States,14,built,1964,27,mixed use,0,0,120.1,2015-04-06 18:36:33.863365,2015-04-06 18:36:33.863365
279,6270,Westin St. Francis Tower,San Francisco,120,120,6268,114,14,CA,United States,14,built,1970,32,hotel,0,0,100,2015-04-06 18:36:33.867953,2015-04-06 18:36:33.867953
280,13246,505 Montgomery,San Francisco,120,120,16473,114,14,CA,United States,14,built,1988,24,office,0,0,117,2015-04-06 18:36:33.872116,2015-04-06 18:36:33.872116
281,1890,100 First Plaza,San Francisco,136,136,1888,114,14,CA,United States,14,built,1989,27,office,0,0,115.4,2015-04-06 18:36:33.876088,2015-04-06 18:36:33.876088
282,75805,456 Montgomery Plaza,San Francisco,115,115,63010,114,14,CA,United States,14,built,1985,26,office,0,0,115.2,2015-04-06 18:36:33.880135,2015-04-06 18:36:33.880135
283,10625,Shell Building,San Francisco,115,115,14387,114,14,CA,United States,14,built,1929,30,office,0,0,114,2015-04-06 18:36:33.884456,2015-04-06 18:36:33.884456
284,7060,The Argent Hotel,San Francisco,114,114,7058,114,14,CA,United States,14,built,1984,34,hotel,0,0,112.8,2015-04-06 18:36:33.888954,2015-04-06 18:36:33.888954
285,84403,222 Second,San Francisco,113,113,78394,114,14,CA,United States,14,under construction,2015,26,office,0,0,111,2015-04-06 18:36:33.89335,2015-04-06 18:36:33.89335
286,4273,Holiday Inn San Francisco,San Francisco,111,111,4271,114,14,CA,United States,14,built,1971,30,hotel,0,0,110.9,2015-04-06 18:36:33.897439,2015-04-06 18:36:33.897439
287,4281,199 Fremont,San Francisco,111,111,4279,114,14,CA,United States,14,built,2000,27,office,0,0,110.9,2015-04-06 18:36:33.901644,2015-04-06 18:36:33.901644
288,1413,Steuart Tower,San Francisco,120,120,7966,114,14,CA,United States,14,built,1976,27,office,0,0,109,2015-04-06 18:36:33.905761,2015-04-06 18:36:33.905761
289,2402,425 California,San Francisco,109,109,76997,114,14,CA,United States,14,built,1968,26,office,0,0,108,2015-04-06 18:36:33.909798,2015-04-06 18:36:33.909798
290,13242,Grand Hyatt San Francisco,San Francisco,108,108,15739,114,14,CA,United States,14,built,1972,35,hotel,0,0,108,2015-04-06 18:36:33.913872,2015-04-06 18:36:33.913872
291,13243,Equitable Life Building,San Francisco,108,108,15471,114,14,CA,United States,14,built,1955,25,office,0,0,107.9,2015-04-06 18:36:33.918466,2015-04-06 18:36:33.918466
292,4218,101 Second Street,San Francisco,108,108,77349,114,14,CA,United States,14,built,1999,26,office,0,0,107.9,2015-04-06 18:36:33.922744,2015-04-06 18:36:33.922744
293,3507,Archstone Fox Plaza,San Francisco,108,108,75935,114,14,CA,United States,14,built,1966,29,mixed use,0,0,0,2015-04-06 18:36:33.926879,2015-04-06 18:36:33.926879
294,48837,Renaissance Parc 55 Hotel,San Francisco,107,107,78786,114,14,CA,United States,14,built,1984,32,hotel,0,0,107,2015-04-06 18:36:33.930932,2015-04-06 18:36:33.930932
295,13241,580 California,San Francisco,107,107,15740,114,14,CA,United States,14,built,1986,23,office,0,0,107,2015-04-06 18:36:33.935422,2015-04-06 18:36:33.935422
296,2400,International Building,San Francisco,107,107,2398,114,14,CA,United States,14,built,1964,22,office,0,0,106.7,2015-04-06 18:36:33.939592,2015-04-06 18:36:33.939592
297,30101,The Infinity I,San Francisco,107,107,77300,114,14,CA,United States,14,built,2008,36,residential,0,0,106,2015-04-06 18:36:33.943951,2015-04-06 18:36:33.943951
298,13244,Hilton San Francisco and Towers II,San Francisco,106,106,17345,114,14,CA,United States,14,built,1987,22,hotel,0,0,105,2015-04-06 18:36:33.948304,2015-04-06 18:36:33.948304
299,10626,450 Sutter Medical Building,San Francisco,105,105,14388,114,14,CA,United States,14,built,1929,28,office,0,0,103.6,2015-04-06 18:36:33.952665,2015-04-06 18:36:33.952665
300,40398,InterContinental San Francisco,San Francisco,118,118,36173,114,14,CA,United States,14,built,2008,32,hotel,0,0,209.4,2015-04-06 18:36:33.956774,2015-04-06 18:36:33.956774
301,3243,277 Park Avenue,New York City,223,223,43010,8,6,NY,United States,6,built,1962,50,office,0,0,209.1,2015-04-06 18:36:33.960846,2015-04-06 18:36:33.960846
302,6247,55 Water Street,New York City,230,230,38698,8,6,NY,United States,6,built,1972,53,office,0,0,208.8,2015-04-06 18:36:33.964864,2015-04-06 18:36:33.964864
303,311,1585 Broadway,New York City,220,220,44167,8,6,NY,United States,6,built,1990,52,office,0,0,208.5,2015-04-06 18:36:33.969163,2015-04-06 18:36:33.969163
304,1646,Random House Tower,New York City,209,209,32287,8,6,NY,United States,6,built,2003,52,mixed use,0,0,207.9,2015-04-06 18:36:33.973411,2015-04-06 18:36:33.973411
305,312,Four Seasons Hotel,New York City,208,208,39458,8,6,NY,United States,6,built,1993,55,hotel,0,0,206,2015-04-06 18:36:33.977507,2015-04-06 18:36:33.977507
306,58996,Sky,New York City,206,206,79626,8,6,NY,United States,6,under construction,2015,60,residential,0,0,205.4,2015-04-06 18:36:33.981807,2015-04-06 18:36:33.981807
307,2598,1221 Avenue of the Americas,New York City,205,205,10136,8,6,NY,United States,6,built,1969,52,office,0,0,205.3,2015-04-06 18:36:33.985951,2015-04-06 18:36:33.985951
308,29858,Barclay Tower,New York City,205,205,46790,8,6,NY,United States,6,built,2007,56,residential,0,0,205.1,2015-04-06 18:36:33.990016,2015-04-06 18:36:33.990016
309,314,Lincoln Building,New York City,205,205,37698,8,6,NY,United States,6,built,1930,55,office,0,0,204.2,2015-04-06 18:36:33.994078,2015-04-06 18:36:33.994078
310,1234,Paramount Plaza,New York City,204,204,39037,8,6,NY,United States,6,built,1970,48,office,0,0,202.4,2015-04-06 18:36:33.998057,2015-04-06 18:36:33.998057
311,4113,Trump Tower,New York City,202,202,26064,8,6,NY,United States,6,built,1983,58,mixed use,0,0,200.5,2015-04-06 18:36:34.002271,2015-04-06 18:36:34.002271
312,2137,One Court Square,New York City,201,201,79494,8,6,NY,United States,6,built,1990,50,office,0,0,199.3,2015-04-06 18:36:34.006431,2015-04-06 18:36:34.006431
313,343,Bank of New York Building,New York City,199,199,35777,8,6,NY,United States,6,built,1932,50,office,0,0,199.2,2015-04-06 18:36:34.010699,2015-04-06 18:36:34.010699
314,69656,Silver Towers 2,New York City,199,199,62689,8,6,NY,United States,6,built,2009,58,residential,0,0,199.2,2015-04-06 18:36:34.015021,2015-04-06 18:36:34.015021
315,69655,Silver Towers 1,New York City,199,199,62690,8,6,NY,United States,6,built,2009,58,residential,0,0,199,2015-04-06 18:36:34.019524,2015-04-06 18:36:34.019524
316,645,599 Lexington Avenue,New York City,199,199,74267,8,6,NY,United States,6,built,1986,51,office,0,0,198.1,2015-04-06 18:36:34.023856,2015-04-06 18:36:34.023856
317,1305,712 Fifth Avenue,New York City,198,198,37806,8,6,NY,United States,6,built,1991,53,office,0,0,197.8,2015-04-06 18:36:34.028032,2015-04-06 18:36:34.028032
318,793,Chanin Building,New York City,222,222,71692,8,6,NY,United States,6,built,1929,56,office,0,0,197.5,2015-04-06 18:36:34.032224,2015-04-06 18:36:34.032224
319,1771,245 Park Avenue,New York City,198,198,78036,8,6,NY,United States,6,built,1967,47,office,0,0,197.3,2015-04-06 18:36:34.036304,2015-04-06 18:36:34.036304
320,2642,Sony Tower,New York City,198,198,38163,8,6,NY,United States,6,built,1984,37,mixed use,0,0,197.2,2015-04-06 18:36:34.040461,2015-04-06 18:36:34.040461
321,100840,28 on 28th,New York City,197,197,79627,8,6,NY,United States,6,under construction,2017,58,residential,0,0,196.6,2015-04-06 18:36:34.04496,2015-04-06 18:36:34.04496
322,1956,Two World Financial Center,New York City,197,197,64819,8,6,NY,United States,6,built,1987,44,office,0,0,188.2,2015-04-06 18:36:34.049553,2015-04-06 18:36:34.049553
323,55262,One Madison Park,New York City,188,188,67066,8,6,NY,United States,6,built,2011,50,residential,0,0,192,2015-04-06 18:36:34.053942,2015-04-06 18:36:34.053942
324,348,One New York Plaza,New York City,192,192,42732,8,6,NY,United States,6,built,1969,50,office,0,0,195.1,2015-04-06 18:36:34.061979,2015-04-06 18:36:34.061979
325,4442,570 Lexington Avenue,New York City,195,195,57917,8,6,NY,United States,6,built,1931,50,office,0,0,142.6,2015-04-06 18:36:34.067465,2015-04-06 18:36:34.067465
326,4884,Palmolive Building,Chicago,172,172,4882,4,3,IL,United States,3,built,1929,37,residential,0,0,171,2015-04-06 18:36:34.072494,2015-04-06 18:36:34.072494
327,5790,Boeing World Headquarters,Chicago,171,171,51903,4,3,IL,United States,3,built,1990,36,office,0,0,171,2015-04-06 18:36:34.076915,2015-04-06 18:36:34.076915
328,984,Huron Plaza,Chicago,171,171,982,4,3,IL,United States,3,built,1983,56,residential,0,0,0,2015-04-06 18:36:34.080974,2015-04-06 18:36:34.080974
329,91507,One South Halsted,Chicago,170,170,72250,4,3,IL,United States,3,proposed,2014,46,residential,0,0,169.8,2015-04-06 18:36:34.085183,2015-04-06 18:36:34.085183
330,18339,Pittsfield Building,Chicago,170,170,18696,4,3,IL,United States,3,built,1927,38,office,0,0,169.5,2015-04-06 18:36:34.089312,2015-04-06 18:36:34.089312
331,4027,The Parkshore,Chicago,169,169,68699,4,3,IL,United States,3,built,1991,56,residential,0,0,169,2015-04-06 18:36:34.09353,2015-04-06 18:36:34.09353
332,3211,North Harbor Tower,Chicago,169,169,68648,4,3,IL,United States,3,built,1988,55,residential,0,0,169,2015-04-06 18:36:34.097582,2015-04-06 18:36:34.097582
333,165,Illinois Center - Michigan Plaza South,Chicago,169,169,33864,4,3,IL,United States,3,built,1985,46,office,0,0,169,2015-04-06 18:36:34.101565,2015-04-06 18:36:34.101565
334,3715,30 North LaSalle,Chicago,169,169,39441,4,3,IL,United States,3,built,1975,44,office,0,0,165.6,2015-04-06 18:36:34.105814,2015-04-06 18:36:34.105814
335,52602,Streeter Place,Chicago,174,174,48584,4,3,IL,United States,3,built,2009,53,residential,0,0,168.5,2015-04-06 18:36:34.109933,2015-04-06 18:36:34.109933
336,934,Newberry Plaza,Chicago,169,169,68647,4,3,IL,United States,3,built,1974,53,residential,0,0,168,2015-04-06 18:36:34.113953,2015-04-06 18:36:34.113953
337,5232,Harbor Point,Chicago,168,168,34113,4,3,IL,United States,3,built,1975,54,residential,0,0,167.6,2015-04-06 18:36:34.118147,2015-04-06 18:36:34.118147
338,18338,One South Wacker,Chicago,168,168,33881,4,3,IL,United States,3,built,1982,40,office,0,0,166.1,2015-04-06 18:36:34.122295,2015-04-06 18:36:34.122295
339,5524,Kluczynski Federal Building,Chicago,166,166,51722,4,3,IL,United States,3,built,1975,45,office,0,0,165.8,2015-04-06 18:36:34.126336,2015-04-06 18:36:34.126336
340,13919,Illinois Center - Park Millennium,Chicago,166,166,21547,4,3,IL,United States,3,built,2002,57,residential,0,0,165.5,2015-04-06 18:36:34.13036,2015-04-06 18:36:34.13036
341,91432,AMLI Rivernorth Tower,Chicago,166,166,70542,4,3,IL,United States,3,built,2013,50,residential,0,0,156.1,2015-04-06 18:36:34.13451,2015-04-06 18:36:34.13451
342,25979,LaSalle-Wacker Building,Chicago,164,164,19596,4,3,IL,United States,3,built,1930,41,office,0,0,148.7,2015-04-06 18:36:34.13891,2015-04-06 18:36:34.13891
343,18327,The Bristol,Chicago,164,164,52547,4,3,IL,United States,3,built,2000,42,residential,0,0,164,2015-04-06 18:36:34.142969,2015-04-06 18:36:34.142969
344,18337,USG Building,Chicago,164,164,27572,4,3,IL,United States,3,built,1992,35,office,0,0,148,2015-04-06 18:36:34.147079,2015-04-06 18:36:34.147079
345,933,ATandT 10 South Canal,Chicago,164,164,27997,4,3,IL,United States,3,built,1971,27,telecom hotel,0,0,163,2015-04-06 18:36:34.15153,2015-04-06 18:36:34.15153
346,6371,The Pinnacle,Chicago,163,163,6369,4,3,IL,United States,3,built,2004,48,residential,0,0,163,2015-04-06 18:36:34.155724,2015-04-06 18:36:34.155724
347,2381,LaSalle National Bank,Chicago,163,163,66188,4,3,IL,United States,3,built,1934,45,office,0,0,161.8,2015-04-06 18:36:34.159719,2015-04-06 18:36:34.159719
348,18336,Park Place Tower,Chicago,162,162,66192,4,3,IL,United States,3,built,1971,56,residential,0,0,161.5,2015-04-06 18:36:34.16375,2015-04-06 18:36:34.16375
349,6125,One North LaSalle,Chicago,162,162,6123,4,3,IL,United States,3,built,1930,48,office,0,0,161.2,2015-04-06 18:36:34.168252,2015-04-06 18:36:34.168252
350,18335,Elyses Condominiums,Chicago,161,161,33990,4,3,IL,United States,3,built,1972,56,residential,0,0,81,2015-04-06 18:36:34.172534,2015-04-06 18:36:34.172534
351,5608,WestCoast Grand Hotel,Seattle,81,81,5606,27,24,WA,United States,24,built,1973,21,hotel,0,0,80.8,2015-04-06 18:36:34.176645,2015-04-06 18:36:34.176645
352,41830,Seattle Sheraton Union Street Tower,Seattle,81,81,52364,27,24,WA,United States,24,built,2007,25,hotel,0,0,80,2015-04-06 18:36:34.180702,2015-04-06 18:36:34.180702
353,70956,Grandview Condominiums,Seattle,80,80,58881,27,24,WA,United States,24,built,1977,27,residential,0,0,79,2015-04-06 18:36:34.185003,2015-04-06 18:36:34.185003
354,5609,Metropolitan Park West,Seattle,79,79,65478,27,24,WA,United States,24,built,1980,18,office,0,0,79,2015-04-06 18:36:34.189081,2015-04-06 18:36:34.189081
355,7663,Hilton Seattle,Seattle,88,88,11126,27,24,WA,United States,24,built,1970,25,hotel,0,0,78,2015-04-06 18:36:34.193184,2015-04-06 18:36:34.193184
356,70954,Harbor Steps Northeast,Seattle,78,78,58883,27,24,WA,United States,24,built,2000,25,residential,0,0,78,2015-04-06 18:36:34.197421,2015-04-06 18:36:34.197421
357,5611,Arbor Place Tower,Seattle,78,78,5609,27,24,WA,United States,24,built,1999,26,residential,0,0,77.7,2015-04-06 18:36:34.201678,2015-04-06 18:36:34.201678
358,47164,Fifth and Madison,Seattle,95,95,41061,27,24,WA,United States,24,built,2008,24,residential,0,0,77.1,2015-04-06 18:36:34.205872,2015-04-06 18:36:34.205872
359,4716,Meridian,Seattle,78,78,11664,27,24,WA,United States,24,built,2002,24,residential,0,0,77,2015-04-06 18:36:34.210038,2015-04-06 18:36:34.210038
360,8877,Royal Crest Condominiums,Seattle,77,77,59609,27,24,WA,United States,24,built,1974,26,residential,0,0,76,2015-04-06 18:36:34.214074,2015-04-06 18:36:34.214074
361,5617,Market Place Tower,Seattle,76,76,5615,27,24,WA,United States,24,built,1988,19,residential,0,0,76,2015-04-06 18:36:34.218194,2015-04-06 18:36:34.218194
362,7665,Bay Vista Tower,Seattle,76,76,11300,27,24,WA,United States,24,built,1982,24,residential,0,0,76,2015-04-06 18:36:34.222295,2015-04-06 18:36:34.222295
363,7199,Medical Dental Building,Seattle,76,76,7197,27,24,WA,United States,24,built,1925,18,office,0,0,0,2015-04-06 18:36:34.226387,2015-04-06 18:36:34.226387
364,8828,Cabrini Medical Tower,Seattle,75,75,11772,27,24,WA,United States,24,built,1973,18,office,0,0,74,2015-04-06 18:36:34.230697,2015-04-06 18:36:34.230697
365,5557,Harbor Steps Southeast,Seattle,78,78,5555,27,24,WA,United States,24,built,1994,25,residential,0,0,74,2015-04-06 18:36:34.235036,2015-04-06 18:36:34.235036
366,7666,Tower at 801,Seattle,77,77,9214,27,24,WA,United States,24,built,1972,25,residential,0,0,73.2,2015-04-06 18:36:34.239329,2015-04-06 18:36:34.239329
367,5996,1321 Seneca,Seattle,73,73,68539,27,24,WA,United States,24,under construction,2017,21,residential,0,0,73.2,2015-04-06 18:36:34.243541,2015-04-06 18:36:34.243541
368,41844,Madison Tower,Seattle,73,73,56810,27,24,WA,United States,24,built,2006,24,mixed use,0,0,73,2015-04-06 18:36:34.247747,2015-04-06 18:36:34.247747
369,7667,Cristalla,Seattle,73,73,12154,27,24,WA,United States,24,built,2005,23,residential,0,0,73,2015-04-06 18:36:34.251957,2015-04-06 18:36:34.251957
370,7875,King County Correctional Facility,Seattle,73,73,9878,27,24,WA,United States,24,built,1987,17,prison,0,0,72,2015-04-06 18:36:34.256281,2015-04-06 18:36:34.256281
371,7668,1800 Ninth Avenue,Seattle,72,72,65423,27,24,WA,United States,24,built,1990,16,office,0,0,70,2015-04-06 18:36:34.260838,2015-04-06 18:36:34.260838
372,7669,Newmark Tower,Seattle,68,68,9349,27,24,WA,United States,24,built,1991,24,residential,0,0,70,2015-04-06 18:36:34.265189,2015-04-06 18:36:34.265189
373,7670,Roosevelt Hotel,Seattle,75,75,9202,27,24,WA,United States,24,built,1929,20,hotel,0,0,69,2015-04-06 18:36:34.269805,2015-04-06 18:36:34.269805
374,7839,The Wall Street Tower,Seattle,69,69,9835,27,24,WA,United States,24,built,1952,18,residential,0,0,68,2015-04-06 18:36:34.278812,2015-04-06 18:36:34.278812
375,7200,Blanchard Plaza,Seattle,68,68,7198,27,24,WA,United States,24,built,1983,25,office,0,0,103,2015-04-06 18:36:34.283693,2015-04-06 18:36:34.283693
376,13245,Stevenson Place,San Francisco,103,103,67156,114,14,CA,United States,14,built,1987,28,office,0,0,100.6,2015-04-06 18:36:34.288417,2015-04-06 18:36:34.288417
377,4289,55 Second,San Francisco,101,101,63009,114,14,CA,United States,14,built,2002,25,office,0,0,100.6,2015-04-06 18:36:34.293361,2015-04-06 18:36:34.293361
378,4428,150 California,San Francisco,106,106,4426,114,14,CA,United States,14,built,2000,24,office,0,0,100.6,2015-04-06 18:36:34.297709,2015-04-06 18:36:34.297709
379,86096,Royal Towers,San Francisco,101,101,79780,114,14,CA,United States,14,built,1964,24,residential,0,0,0,2015-04-06 18:36:34.301997,2015-04-06 18:36:34.301997
380,86088,235 Pine,San Francisco,100,100,78731,114,14,CA,United States,14,built,1990,26,office,0,0,100,2015-04-06 18:36:34.306155,2015-04-06 18:36:34.306155
381,13247,Bechtel Building,San Francisco,100,100,71004,114,14,CA,United States,14,built,1967,23,office,0,0,100,2015-04-06 18:36:34.310536,2015-04-06 18:36:34.310536
382,10628,225 Bush,San Francisco,100,100,15643,114,14,CA,United States,14,built,1922,22,office,0,0,99,2015-04-06 18:36:34.31459,2015-04-06 18:36:34.31459
383,13250,California Building,San Francisco,99,99,17348,114,14,CA,United States,14,built,1977,23,office,0,0,98,2015-04-06 18:36:34.318762,2015-04-06 18:36:34.318762
384,13251,Bank of the West Building,San Francisco,98,98,17349,114,14,CA,United States,14,built,1979,24,other,0,0,0,2015-04-06 18:36:34.322736,2015-04-06 18:36:34.322736
385,86134,301 Howard,San Francisco,98,98,77298,114,14,CA,United States,14,built,0,23,office,0,0,97.6,2015-04-06 18:36:34.326782,2015-04-06 18:36:34.326782
386,1582,Crown Zellerbach Building,San Francisco,94,94,14842,114,14,CA,United States,14,built,1959,20,office,0,0,96,2015-04-06 18:36:34.330782,2015-04-06 18:36:34.330782
387,4125,W Hotel,San Francisco,102,102,4123,114,14,CA,United States,14,built,1999,33,hotel,0,0,96,2015-04-06 18:36:34.334724,2015-04-06 18:36:34.334724
388,13252,The Summit,San Francisco,96,96,16235,114,14,CA,United States,14,built,1965,32,residential,0,0,95,2015-04-06 18:36:34.338878,2015-04-06 18:36:34.338878
389,13255,353 Sacramento,San Francisco,95,95,78756,114,14,CA,United States,14,built,1982,23,office,0,0,95,2015-04-06 18:36:34.343006,2015-04-06 18:36:34.343006
390,15985,Bank of California Building,San Francisco,95,95,16474,114,14,CA,United States,14,built,1967,21,office,0,0,95,2015-04-06 18:36:34.347128,2015-04-06 18:36:34.347128
391,15987,555 Market,San Francisco,95,95,17346,114,14,CA,United States,14,built,1964,22,office,0,0,95,2015-04-06 18:36:34.351763,2015-04-06 18:36:34.351763
392,2401,Philip Burton Federal Building,San Francisco,95,95,2399,114,14,CA,United States,14,built,1962,21,office,0,0,94,2015-04-06 18:36:34.35607,2015-04-06 18:36:34.35607
393,15988,388 Market,San Francisco,94,94,77331,114,14,CA,United States,14,built,1987,24,office,0,0,94,2015-04-06 18:36:34.360284,2015-04-06 18:36:34.360284
394,10630,McAllister Tower Apartments,San Francisco,104,104,15557,114,14,CA,United States,14,built,1929,28,residential,0,0,0,2015-04-06 18:36:34.364379,2015-04-06 18:36:34.364379
395,10631,Commercial Union Assurance Building,San Francisco,94,94,79204,114,14,CA,United States,14,built,1921,16,office,0,0,93,2015-04-06 18:36:34.36858,2015-04-06 18:36:34.36858
396,10632,Hunter-Dulin Building,San Francisco,93,93,14733,114,14,CA,United States,14,built,1927,22,office,0,0,93,2015-04-06 18:36:34.372993,2015-04-06 18:36:34.372993
397,10633,The Mark Hopkins Hotel,San Francisco,103,103,14662,114,14,CA,United States,14,built,1925,20,hotel,0,0,92,2015-04-06 18:36:34.377096,2015-04-06 18:36:34.377096
398,10660,Mills Tower,San Francisco,102,102,15644,114,14,CA,United States,14,built,1931,22,office,0,0,91,2015-04-06 18:36:34.381294,2015-04-06 18:36:34.381294
399,15990,Montgomery Washington Tower,San Francisco,91,91,79585,114,14,CA,United States,14,built,1985,26,office,0,0,91,2015-04-06 18:36:34.385923,2015-04-06 18:36:34.385923
400,10578,Central Tower,San Francisco,95,95,14277,114,14,CA,United States,14,built,1898,21,office,0,0,0,2015-04-06 18:36:34.390158,2015-04-06 18:36:34.390158
401,85299,Wilshire Grand Tower,Los Angeles,335,335,77336,26,14,CA,United States,14,under construction,2017,73,mixed use,335.4,335.4,284.8,2015-04-09 00:07:51.521207,2015-04-09 00:07:51.521207
402,51,US Bank Tower,Los Angeles,315,315,53727,26,14,CA,United States,14,built,1989,73,office,0,0,310.3,2015-04-09 00:07:51.553364,2015-04-09 00:07:51.553364
403,1291,Aon Center,Los Angeles,262,262,54288,26,14,CA,United States,14,built,1973,62,office,0,0,261.5,2015-04-09 00:07:51.559648,2015-04-09 00:07:51.559648
404,6415,Two California Plaza,Los Angeles,229,229,66504,26,14,CA,United States,14,built,1992,52,office,0,0,228.6,2015-04-09 00:07:51.565186,2015-04-09 00:07:51.565186
405,1292,Gas Company Tower,Los Angeles,228,228,7801,26,14,CA,United States,14,built,1991,52,office,0,0,228.3,2015-04-09 00:07:51.569309,2015-04-09 00:07:51.569309
406,234,Bank of America Plaza,Los Angeles,224,224,40015,26,14,CA,United States,14,built,1975,55,office,0,0,224,2015-04-09 00:07:51.573434,2015-04-09 00:07:51.573434
407,2458,777 Tower,Los Angeles,221,221,2456,26,14,CA,United States,14,built,1991,53,office,0,0,221,2015-04-09 00:07:51.577475,2015-04-09 00:07:51.577475
408,2819,Wells Fargo Tower,Los Angeles,220,220,54933,26,14,CA,United States,14,built,1983,54,office,0,0,220.4,2015-04-09 00:07:51.581456,2015-04-09 00:07:51.581456
409,1357,Figueroa at Wilshire,Los Angeles,219,219,38192,26,14,CA,United States,14,built,1990,53,office,0,0,218.5,2015-04-09 00:07:51.586009,2015-04-09 00:07:51.586009
410,2730,Paul Hastings Tower,Los Angeles,213,213,35035,26,14,CA,United States,14,built,1972,52,office,0,0,213.1,2015-04-09 00:07:51.589984,2015-04-09 00:07:51.589984
411,2301,City National Tower,Los Angeles,213,213,35036,26,14,CA,United States,14,built,1972,52,office,0,0,213.1,2015-04-09 00:07:51.594444,2015-04-09 00:07:51.594444
412,4480,Ritz-Carlton / Marriott Marquis Los Angeles,Los Angeles,202,202,66501,26,14,CA,United States,14,built,2010,55,mixed use,0,203.3,202.1,2015-04-09 00:07:51.599213,2015-04-09 00:07:51.599213
413,2798,Citigroup Center,Los Angeles,191,191,59696,26,14,CA,United States,14,built,1979,48,office,132,0,190.5,2015-04-09 00:07:51.603872,2015-04-09 00:07:51.603872
414,6473,611 Place,Los Angeles,189,189,36488,26,14,CA,United States,14,built,1969,42,office,0,0,189,2015-04-09 00:07:51.608078,2015-04-09 00:07:51.608078
415,6714,One California Plaza,Los Angeles,176,176,40117,26,14,CA,United States,14,built,1985,42,office,0,0,176.2,2015-04-09 00:07:51.612418,2015-04-09 00:07:51.612418
416,858,Century Plaza Tower Two,Los Angeles,174,174,76037,26,14,CA,United States,14,built,1973,44,office,0,0,174,2015-04-09 00:07:51.616792,2015-04-09 00:07:51.616792
417,857,Century Plaza Tower One,Los Angeles,174,174,76038,26,14,CA,United States,14,built,1973,44,office,0,151.5,174,2015-04-09 00:07:51.621264,2015-04-09 00:07:51.621264
418,1300,AIG SunAmerica Center,Los Angeles,162,162,26707,26,14,CA,United States,14,built,1990,39,office,0,0,170.7,2015-04-09 00:07:51.625525,2015-04-09 00:07:51.625525
419,3418,KPMG Tower,Los Angeles,171,171,54932,26,14,CA,United States,14,built,1983,45,office,0,0,170.7,2015-04-09 00:07:51.630082,2015-04-09 00:07:51.630082
420,85305,Century Plaza South Tower,Los Angeles,168,168,72539,26,14,CA,United States,14,proposed,0,46,residential,0,0,0,2015-04-09 00:07:51.634676,2015-04-09 00:07:51.634676
421,85304,Century Plaza North Tower,Los Angeles,168,168,72540,26,14,CA,United States,14,proposed,0,46,residential,0,0,0,2015-04-09 00:07:51.639169,2015-04-09 00:07:51.639169
422,873,Ernst and Young Plaza,Los Angeles,163,163,66213,26,14,CA,United States,14,built,1985,41,office,0,136.7,162.7,2015-04-09 00:07:51.643469,2015-04-09 00:07:51.643469
423,1301,TCW Building,Los Angeles,158,158,71404,26,14,CA,United States,14,built,1990,37,office,0,0,157.7,2015-04-09 00:07:51.648114,2015-04-09 00:07:51.648114
424,3599,Union Bank of California Plaza,Los Angeles,157,157,22766,26,14,CA,United States,14,built,1968,40,office,0,0,157.3,2015-04-09 00:07:51.65261,2015-04-09 00:07:51.65261
425,1303,10 Universal City Plaza,Los Angeles,154,154,40029,26,14,CA,United States,14,built,1984,36,office,0,0,154.3,2015-04-09 00:07:51.657043,2015-04-09 00:07:51.657043
426,2607,1100 Wilshire,Los Angeles,151,151,66502,26,14,CA,United States,14,built,1986,36,residential,0,0,151.3,2015-04-09 00:07:51.661746,2015-04-09 00:07:51.661746
427,1054,Fox Plaza,Los Angeles,150,150,7390,26,14,CA,United States,14,built,1987,34,office,0,0,150,2015-04-09 00:07:51.666201,2015-04-09 00:07:51.666201
428,5732,MGM Tower,Los Angeles,150,150,29305,26,14,CA,United States,14,built,2003,35,office,0,0,149.5,2015-04-09 00:07:51.670894,2015-04-09 00:07:51.670894
429,39559,Grand Avenue Phase 1A,Los Angeles,190,190,60505,26,14,CA,United States,14,proposed,2017,37,residential,0,0,149.4,2015-04-09 00:07:51.675457,2015-04-09 00:07:51.675457
430,55067,The Century,Los Angeles,152,152,66080,26,14,CA,United States,14,built,2009,41,residential,0,0,145.7,2015-04-09 00:07:51.686337,2015-04-09 00:07:51.686337
431,5891,1055 West Seventh,Los Angeles,141,141,37650,26,14,CA,United States,14,built,1989,33,office,0,0,140.8,2015-04-09 00:07:51.691354,2015-04-09 00:07:51.691354
432,6044,Los Angeles City Hall,Los Angeles,138,138,76487,26,14,CA,United States,14,built,1927,28,city hall,0,0,138.4,2015-04-09 00:07:51.69645,2015-04-09 00:07:51.69645
433,2548,Equitable Life Building,Los Angeles,138,138,68608,26,14,CA,United States,14,built,1969,34,office,0,0,138,2015-04-09 00:07:51.70065,2015-04-09 00:07:51.70065
434,2525,ATandT Center,Los Angeles,138,138,8205,26,14,CA,United States,14,built,1965,32,office,0,0,137.8,2015-04-09 00:07:51.704932,2015-04-09 00:07:51.704932
435,3808,PacBell Tower,Los Angeles,136,136,17209,26,14,CA,United States,14,built,1961,17,mixed use,0,0,0,2015-04-09 00:07:51.709026,2015-04-09 00:07:51.709026
436,3138,5900 Wilshire,Los Angeles,133,133,24956,26,14,CA,United States,14,built,1971,32,office,0,112,135,2015-04-09 00:07:51.713165,2015-04-09 00:07:51.713165
437,6588,One Wilshire,Los Angeles,132,132,78405,26,14,CA,United States,14,built,1966,28,office,0,0,131,2015-04-09 00:07:51.717157,2015-04-09 00:07:51.717157
438,1946,Broadway Plaza - MCI Center,Los Angeles,126,126,66223,26,14,CA,United States,14,built,1973,33,office,0,0,126.3,2015-04-09 00:07:51.721396,2015-04-09 00:07:51.721396
439,3274,Warner Center Plaza Three,Los Angeles,126,126,4750,26,14,CA,United States,14,built,1991,25,office,0,0,126,2015-04-09 00:07:51.725393,2015-04-09 00:07:51.725393
440,4167,MTA Building,Los Angeles,123,123,4165,26,14,CA,United States,14,built,1995,27,office,0,0,123.4,2015-04-09 00:07:51.729351,2015-04-09 00:07:51.729351
441,6288,1900 Avenue of the Stars,Los Angeles,121,121,37651,26,14,CA,United States,14,built,1969,28,office,0,0,121.3,2015-04-09 00:07:51.733799,2015-04-09 00:07:51.733799
442,27536,Warner Center One,Los Angeles,120,120,22219,26,14,CA,United States,14,built,1983,21,office,0,0,0,2015-04-09 00:07:51.740086,2015-04-09 00:07:51.740086
443,28120,Warner Center Plaza Six,Los Angeles,118,118,22494,26,14,CA,United States,14,built,1989,20,office,0,0,0,2015-04-09 00:07:51.744294,2015-04-09 00:07:51.744294
444,3165,801 Tower,Los Angeles,116,116,36454,26,14,CA,United States,14,built,1992,24,office,0,0,116,2015-04-09 00:07:51.748322,2015-04-09 00:07:51.748322
445,3336,Watt Plaza South Tower,Los Angeles,116,116,66499,26,14,CA,United States,14,built,1982,23,office,0,0,0,2015-04-09 00:07:51.752386,2015-04-09 00:07:51.752386
446,3332,Watt Plaza North Tower,Los Angeles,116,116,66500,26,14,CA,United States,14,built,1982,23,office,0,0,0,2015-04-09 00:07:51.756354,2015-04-09 00:07:51.756354
447,21119,Roybal Federal Building,Los Angeles,114,114,17014,26,14,CA,United States,14,built,1991,20,office,0,0,114.3,2015-04-09 00:07:51.760613,2015-04-09 00:07:51.760613
448,2539,Mellon Bank Center,Los Angeles,114,114,67707,26,14,CA,United States,14,built,1982,26,office,0,0,114.3,2015-04-09 00:07:51.764543,2015-04-09 00:07:51.764543
449,3664,Hilton Universal City and Towers,Los Angeles,112,112,29303,26,14,CA,United States,14,built,1989,28,hotel,0,0,108,2015-04-09 00:07:51.768988,2015-04-09 00:07:51.768988
450,2566,Westin Bonaventure Hotel,Los Angeles,112,112,33296,26,14,CA,United States,14,built,1976,35,hotel,0,0,112,2015-04-09 00:07:51.773145,2015-04-09 00:07:51.773145
451,6124,Beaudry Center,Los Angeles,111,111,36905,26,14,CA,United States,14,built,1986,29,office,0,0,111.3,2015-04-09 00:07:51.777105,2015-04-09 00:07:51.777105
452,2997,10100 Santa Monica Boulevard,Los Angeles,111,111,22593,26,14,CA,United States,14,built,1972,26,office,0,0,110.8,2015-04-09 00:07:51.781534,2015-04-09 00:07:51.781534
453,2702,California Federal Savings and Loan Building,Los Angeles,111,111,71428,26,14,CA,United States,14,built,1966,28,office,0,0,110.7,2015-04-09 00:07:51.785831,2015-04-09 00:07:51.785831
454,21132,Center West,Los Angeles,111,111,37713,26,14,CA,United States,14,built,1990,23,office,0,0,110.6,2015-04-09 00:07:51.790214,2015-04-09 00:07:51.790214
455,4118,The Evian,Los Angeles,111,111,71430,26,14,CA,United States,14,built,1982,31,residential,0,0,110.6,2015-04-09 00:07:51.794686,2015-04-09 00:07:51.794686
456,3051,Oppenheimer Tower,Los Angeles,111,111,56002,26,14,CA,United States,14,built,1970,24,office,0,0,110.6,2015-04-09 00:07:51.798782,2015-04-09 00:07:51.798782
457,2559,Figueroa Tower,Los Angeles,108,108,18280,26,14,CA,United States,14,built,1989,28,office,0,0,108.5,2015-04-09 00:07:51.80295,2015-04-09 00:07:51.80295
458,1252,Grand Promenade Apartment Phase I,Los Angeles,108,108,16356,26,14,CA,United States,14,built,1988,27,residential,0,0,107.8,2015-04-09 00:07:51.807363,2015-04-09 00:07:51.807363
459,5030,550 South Hope,Los Angeles,107,107,5028,26,14,CA,United States,14,built,1991,28,office,0,0,107,2015-04-09 00:07:51.811518,2015-04-09 00:07:51.811518
460,1222,Wedbrush Center,Los Angeles,107,107,62760,26,14,CA,United States,14,built,1987,23,office,0,0,106.6,2015-04-09 00:07:51.815834,2015-04-09 00:07:51.815834
461,6053,Bunker Hill Tower,Los Angeles,106,106,37024,26,14,CA,United States,14,built,1968,32,residential,0,0,106.3,2015-04-09 00:07:51.820278,2015-04-09 00:07:51.820278
462,27489,Valley Executive Tower,Los Angeles,106,106,21781,26,14,CA,United States,14,built,1984,22,office,0,0,0,2015-04-09 00:07:51.824578,2015-04-09 00:07:51.824578
463,2119,City National Bank Building,Los Angeles,106,106,68610,26,14,CA,United States,14,built,1968,24,office,0,0,106,2015-04-09 00:07:51.828698,2015-04-09 00:07:51.828698
464,5731,10960 Wilshire Boulevard,Los Angeles,106,106,75936,26,14,CA,United States,14,built,1971,24,office,0,0,105.8,2015-04-09 00:07:51.832772,2015-04-09 00:07:51.832772
465,27544,LAC + USC Medical Center,Los Angeles,105,105,31028,26,14,CA,United States,14,built,1933,20,hospital,0,0,0,2015-04-09 00:07:51.83694,2015-04-09 00:07:51.83694
466,3840,Biltmore Tower,Los Angeles,104,104,68669,26,14,CA,United States,14,built,1987,24,office,0,0,104,2015-04-09 00:07:51.841033,2015-04-09 00:07:51.841033
467,27539,Manulife Plaza,Los Angeles,103,103,22462,26,14,CA,United States,14,built,1982,21,office,0,0,0,2015-04-09 00:07:51.845396,2015-04-09 00:07:51.845396
468,8153,888 Tower,Los Angeles,102,102,10363,26,14,CA,United States,14,built,1985,23,office,0,0,0,2015-04-09 00:07:51.849629,2015-04-09 00:07:51.849629
469,44591,Concerto - South Tower,Los Angeles,101,101,56391,26,14,CA,United States,14,built,2011,28,residential,0,0,101.2,2015-04-09 00:07:51.853986,2015-04-09 00:07:51.853986
470,21161,The Wilshire,Los Angeles,100,100,22698,26,14,CA,United States,14,built,1990,27,residential,0,0,100,2015-04-09 00:07:51.858308,2015-04-09 00:07:51.858308
471,309,The Tower,Los Angeles,100,100,22464,26,14,CA,United States,14,built,1989,23,office,0,0,99.7,2015-04-09 00:07:51.862452,2015-04-09 00:07:51.862452
472,10794,Mercury,Los Angeles,95,95,14640,26,14,CA,United States,14,built,1963,22,residential,0,0,95.1,2015-04-09 00:07:51.86655,2015-04-09 00:07:51.86655
473,21780,1888 Building,Los Angeles,95,95,21622,26,14,CA,United States,14,built,1970,21,office,0,0,0,2015-04-09 00:07:51.870708,2015-04-09 00:07:51.870708
474,34756,The Vermont Tower 2,Los Angeles,94,94,73524,26,14,CA,United States,14,built,2014,29,residential,0,0,93.6,2015-04-09 00:07:51.87535,2015-04-09 00:07:51.87535
475,21164,6300 Wilshire Boulevard,Los Angeles,93,93,17120,26,14,CA,United States,14,built,1973,21,office,0,0,93.6,2015-04-09 00:07:51.879744,2015-04-09 00:07:51.879744
476,5222,Century Park Plaza,Los Angeles,93,93,5220,26,14,CA,United States,14,built,1973,21,office,0,0,93,2015-04-09 00:07:51.883909,2015-04-09 00:07:51.883909
477,6210,Sunset Vine Tower,Los Angeles,93,93,22329,26,14,CA,United States,14,built,1963,20,residential,0,0,93,2015-04-09 00:07:51.888465,2015-04-09 00:07:51.888465
478,3801,6500 Wilshire,Los Angeles,93,93,17121,26,14,CA,United States,14,built,0,28,office,0,0,0,2015-04-09 00:07:51.892696,2015-04-09 00:07:51.892696
479,172,Barrington Plaza A,Los Angeles,91,91,170,26,14,CA,United States,14,built,1961,25,residential,0,0,91.4,2015-04-09 00:07:51.896945,2015-04-09 00:07:51.896945
480,3155,Sky Lofts,Los Angeles,91,91,22362,26,14,CA,United States,14,built,1986,22,mixed use,0,0,91.3,2015-04-09 00:07:51.901113,2015-04-09 00:07:51.901113
481,3525,Westwood Getaway One,Los Angeles,91,91,16968,26,14,CA,United States,14,built,1985,22,office,0,0,0,2015-04-09 00:07:51.9054,2015-04-09 00:07:51.9054
482,6055,World Savings Center,Los Angeles,91,91,22465,26,14,CA,United States,14,built,1983,25,office,0,0,91,2015-04-09 00:07:51.909624,2015-04-09 00:07:51.909624
483,27537,The 10560 Wilshire,Los Angeles,91,91,22704,26,14,CA,United States,14,built,1982,21,residential,0,0,0,2015-04-09 00:07:51.91395,2015-04-09 00:07:51.91395
484,41045,717 Olympic,Los Angeles,105,105,48787,26,14,CA,United States,14,built,2008,27,residential,0,0,90.3,2015-04-09 00:07:51.918079,2015-04-09 00:07:51.918079
485,30366,Beverley West Residences,Los Angeles,90,90,75751,26,14,CA,United States,14,built,2009,21,residential,0,0,90,2015-04-09 00:07:51.92263,2015-04-09 00:07:51.92263
486,27534,One Park Plaza,Los Angeles,90,90,21866,26,14,CA,United States,14,built,1973,22,office,0,0,90,2015-04-09 00:07:51.926903,2015-04-09 00:07:51.926903
487,3662,2222 Avenue of the Stars,Los Angeles,90,90,37657,26,14,CA,United States,14,built,1964,28,residential,0,0,0,2015-04-09 00:07:51.935003,2015-04-09 00:07:51.935003
488,3663,2220 Avenue of the Stars,Los Angeles,90,90,37658,26,14,CA,United States,14,built,1964,28,residential,0,0,0,2015-04-09 00:07:51.939591,2015-04-09 00:07:51.939591
489,21174,Wilshire Financial Tower,Los Angeles,90,90,22433,26,14,CA,United States,14,built,1961,21,office,0,0,89.6,2015-04-09 00:07:51.944082,2015-04-09 00:07:51.944082
490,30438,Californian on Wilshire,Los Angeles,88,88,30081,26,14,CA,United States,14,built,2006,23,residential,0,0,88.4,2015-04-09 00:07:51.948328,2015-04-09 00:07:51.948328
491,27987,Paramont Plaza West,Los Angeles,88,88,22436,26,14,CA,United States,14,built,0,20,office,0,0,0,2015-04-09 00:07:51.95259,2015-04-09 00:07:51.95259
492,27985,Paramont Plaza East,Los Angeles,88,88,22437,26,14,CA,United States,14,built,0,20,office,0,0,0,2015-04-09 00:07:51.956819,2015-04-09 00:07:51.956819
493,2698,915 Wilshire,Los Angeles,88,88,22467,26,14,CA,United States,14,built,1980,23,office,0,0,87.8,2015-04-09 00:07:51.960885,2015-04-09 00:07:51.960885
494,6690,Sunset Media Tower,Los Angeles,86,86,6688,26,14,CA,United States,14,built,1971,22,office,0,0,0,2015-04-09 00:07:51.964972,2015-04-09 00:07:51.964972
495,27540,New Otani Hotel,Los Angeles,86,86,21873,26,14,CA,United States,14,built,0,21,hotel,0,0,0,2015-04-09 00:07:51.969787,2015-04-09 00:07:51.969787
496,27535,La Tour,Los Angeles,85,85,22705,26,14,CA,United States,14,built,1991,21,residential,0,0,0,2015-04-09 00:07:51.974087,2015-04-09 00:07:51.974087
497,3236,Figueroa Plaza North Tower,Los Angeles,85,85,22471,26,14,CA,United States,14,built,1991,16,office,0,0,85,2015-04-09 00:07:51.978263,2015-04-09 00:07:51.978263
498,27538,The Mirabella,Los Angeles,85,85,22760,26,14,CA,United States,14,built,1982,21,residential,0,0,0,2015-04-09 00:07:51.982533,2015-04-09 00:07:51.982533
499,3235,Figueroa Plaza South Tower,Los Angeles,85,85,22470,26,14,CA,United States,14,built,1977,16,office,0,0,85,2015-04-09 00:07:51.986704,2015-04-09 00:07:51.986704
500,27547,Petersen Building,Los Angeles,85,85,21877,26,14,CA,United States,14,built,1972,19,office,0,0,0,2015-04-09 00:07:51.990988,2015-04-09 00:07:51.990988
501,101397,Comcast Innovation and Technology Center,Philadelphia,342,342,75422,326,76,PA,United States,76,under construction,2018,59,mixed use,0,341.7,0,2015-04-09 00:42:40.438257,2015-04-09 00:42:40.438257
502,4894,Comcast Center,Philadelphia,297,297,59878,326,76,PA,United States,76,built,2008,57,office,0,0,296.9,2015-04-09 00:42:40.453774,2015-04-09 00:42:40.453774
503,133,One Liberty Place,Philadelphia,288,288,25948,326,76,PA,United States,76,built,1987,61,office,0,288,269.1,2015-04-09 00:42:40.459909,2015-04-09 00:42:40.459909
504,206,Two Liberty Place,Philadelphia,258,258,25949,326,76,PA,United States,76,built,1990,58,mixed use,0,258.5,0,2015-04-09 00:42:40.46487,2015-04-09 00:42:40.46487
505,2319,Mellon Bank Center,Philadelphia,242,242,22547,326,76,PA,United States,76,built,1990,53,office,0,0,241.4,2015-04-09 00:42:40.470216,2015-04-09 00:42:40.470216
506,323,Three Logan Square,Philadelphia,228,228,54813,326,76,PA,United States,76,built,1991,55,office,0,0,225.3,2015-04-09 00:42:40.474508,2015-04-09 00:42:40.474508
507,69955,FMC Tower at Cira Centre South,Philadelphia,223,223,80023,326,76,PA,United States,76,under construction,2016,49,mixed use,0,0,222.5,2015-04-09 00:42:40.478638,2015-04-09 00:42:40.478638
508,419,G. Fred DiBona,Philadelphia,191,191,7310,326,76,PA,United States,76,built,1990,45,office,0,0,190.5,2015-04-09 00:42:40.482673,2015-04-09 00:42:40.482673
509,39819, Jr. Building,Philadelphia,177,177,80068,326,76,PA,United States,76,proposed,2017,52,hotel,0,0,177.4,2015-04-09 00:42:40.487148,2015-04-09 00:42:40.487148
510,87714,W Hotel / Element by Westin,Philadelphia,174,174,61406,326,76,PA,United States,76,built,1992,41,office,0,0,174.4,2015-04-09 00:42:40.491983,2015-04-09 00:42:40.491983
511,282,Two Commerce Square,Philadelphia,174,174,61405,326,76,PA,United States,76,built,1990,41,office,0,0,174.4,2015-04-09 00:42:40.496284,2015-04-09 00:42:40.496284
512,30855,One Commerce Square,Philadelphia,158,158,58378,326,76,PA,United States,76,built,2009,44,residential,0,0,157.9,2015-04-09 00:42:40.500423,2015-04-09 00:42:40.500423
513,424,Residences at the Ritz-Carlton,Philadelphia,155,155,38588,326,76,PA,United States,76,built,1974,37,office,158,0,152.4,2015-04-09 00:42:40.5048,2015-04-09 00:42:40.5048
514,3775,1818 Market,Philadelphia,156,156,22569,326,76,PA,United States,76,built,2004,45,residential,0,0,151.8,2015-04-09 00:42:40.510624,2015-04-09 00:42:40.510624
515,425,The Saint James,Philadelphia,229,229,70455,326,76,PA,United States,76,built,1932,38,hotel,228,0,150,2015-04-09 00:42:40.515167,2015-04-09 00:42:40.515167
516,2378,Loews Philadelphia Hotel,Philadelphia,150,150,22530,326,76,PA,United States,76,built,1983,41,office,0,0,149.7,2015-04-09 00:42:40.519618,2015-04-09 00:42:40.519618
517,455,1600 Market Street,Philadelphia,149,149,7315,326,76,PA,United States,76,built,1973,40,office,0,0,149.4,2015-04-09 00:42:40.524285,2015-04-09 00:42:40.524285
518,6834,Centre Square II,Philadelphia,153,153,6832,326,76,PA,United States,76,built,1970,36,office,0,0,149.4,2015-04-09 00:42:40.529135,2015-04-09 00:42:40.529135
519,4129,1601 Market,Philadelphia,147,147,4127,326,76,PA,United States,76,built,1932,28,office,0,147,144,2015-04-09 00:42:40.533739,2015-04-09 00:42:40.533739
520,38663,One South Broad,Philadelphia,145,145,34468,326,76,PA,United States,76,built,2008,42,residential,0,0,144.8,2015-04-09 00:42:40.538209,2015-04-09 00:42:40.538209
521,5270,The Murano,Philadelphia,132,132,59879,326,76,PA,United States,76,built,2005,28,office,0,0,133.2,2015-04-09 00:42:40.542725,2015-04-09 00:42:40.542725
522,5295,Cira Centre,Philadelphia,133,133,5293,326,76,PA,United States,76,built,1987,35,office,0,0,132.6,2015-04-09 00:42:40.54724,2015-04-09 00:42:40.54724
523,457,Two Logan Square,Philadelphia,142,142,4000,326,76,PA,United States,76,built,1973,29,office,0,0,132.6,2015-04-09 00:42:40.551607,2015-04-09 00:42:40.551607
524,454,2000 Market,Philadelphia,139,139,6830,326,76,PA,United States,76,built,1968,32,office,0,0,131.1,2015-04-09 00:42:40.556328,2015-04-09 00:42:40.556328
525,7277,1700 Market,Philadelphia,130,130,76566,326,76,PA,United States,76,built,1986,29,office,0,0,129.5,2015-04-09 00:42:40.560704,2015-04-09 00:42:40.560704
526,456,1835 Market,Philadelphia,133,133,7314,326,76,PA,United States,76,built,1973,32,office,0,0,127,2015-04-09 00:42:40.565433,2015-04-09 00:42:40.565433
527,453,Centre Square I,Philadelphia,132,132,5752,326,76,PA,United States,76,built,1984,32,office,0,0,125.6,2015-04-09 00:42:40.57026,2015-04-09 00:42:40.57026
528,24674,Aramark Tower,Philadelphia,125,125,37954,326,76,PA,United States,76,proposed,2009,37,residential,0,0,125,2015-04-09 00:42:40.574917,2015-04-09 00:42:40.574917
529,9221,The Horizon,Philadelphia,123,123,12759,326,76,PA,United States,76,built,1927,29,office,0,0,123.5,2015-04-09 00:42:40.579451,2015-04-09 00:42:40.579451
530,4624,Wells Fargo Building,Philadelphia,122,122,4622,326,76,PA,United States,76,built,1984,31,mixed use,0,0,121.9,2015-04-09 00:42:40.58411,2015-04-09 00:42:40.58411
531,37154,One Logan Square,Philadelphia,121,121,64928,326,76,PA,United States,76,built,2009,33,residential,0,0,120.7,2015-04-09 00:42:40.588653,2015-04-09 00:42:40.588653
532,7300,Ten Rittenhouse Square,Philadelphia,120,120,7521,326,76,PA,United States,76,built,1930,30,hotel,0,0,120.1,2015-04-09 00:42:40.599945,2015-04-09 00:42:40.599945
533,6850,The Ritz-Carlton Philadelphia,Philadelphia,119,119,6848,326,76,PA,United States,76,built,1973,44,residential,0,114.3,118.9,2015-04-09 00:42:40.606465,2015-04-09 00:42:40.606465
534,84429,1500 Locust,Philadelphia,119,119,60385,326,76,PA,United States,76,built,1929,33,residential,0,0,118.6,2015-04-09 00:42:40.611653,2015-04-09 00:42:40.611653
535,5413,Aria,Philadelphia,117,117,67181,326,76,PA,United States,76,built,1975,27,office,0,0,117,2015-04-09 00:42:40.616263,2015-04-09 00:42:40.616263
536,4206,1650 Arch,Philadelphia,131,131,5401,326,76,PA,United States,76,built,1970,25,office,0,0,117,2015-04-09 00:42:40.620755,2015-04-09 00:42:40.620755
537,98540,PECO Building,Philadelphia,116,116,77342,326,76,PA,United States,76,built,2013,34,residential,0,0,115.5,2015-04-09 00:42:40.625798,2015-04-09 00:42:40.625798
538,18675,2116 Chestnut,Philadelphia,115,115,67160,326,76,PA,United States,76,built,1975,37,residential,0,0,114.9,2015-04-09 00:42:40.630211,2015-04-09 00:42:40.630211
539,30857,Academy House,Philadelphia,112,112,37863,326,76,PA,United States,76,built,2007,31,residential,0,0,106.7,2015-04-09 00:42:40.634835,2015-04-09 00:42:40.634835
540,18676,Symphony House,Philadelphia,96,96,23405,326,76,PA,United States,76,built,1975,22,office,0,0,114.3,2015-04-09 00:42:40.639052,2015-04-09 00:42:40.639052
541,4893,Penn Mutual Tower,Philadelphia,114,114,4891,326,76,PA,United States,76,built,1929,33,residential,0,0,114.3,2015-04-09 00:42:40.643408,2015-04-09 00:42:40.643408
542,24673,The Drake,Philadelphia,112,112,37955,326,76,PA,United States,76,proposed,2009,33,residential,0,103.6,112,2015-04-09 00:42:40.647851,2015-04-09 00:42:40.647851
543,919,The Tides,Philadelphia,111,111,71385,326,76,PA,United States,76,built,1931,33,hospital,0,0,111,2015-04-09 00:42:40.653204,2015-04-09 00:42:40.653204
544,1525,Medical Tower,Philadelphia,107,107,1523,326,76,PA,United States,76,built,1958,18,office,0,0,107,2015-04-09 00:42:40.657259,2015-04-09 00:42:40.657259
545,6296,State Office Building,Philadelphia,106,106,6294,326,76,PA,United States,76,built,1930,24,hotel,0,0,106,2015-04-09 00:42:40.661349,2015-04-09 00:42:40.661349
546,18736,Residence Inn Philadelphia Center City,Philadelphia,105,105,31733,326,76,PA,United States,76,built,1902,23,office,0,0,105,2015-04-09 00:42:40.665314,2015-04-09 00:42:40.665314
547,3974,Land Title and Trust Block,Philadelphia,104,104,21617,326,76,PA,United States,76,built,1963,26,residential,0,0,0,2015-04-09 00:42:40.6705,2015-04-09 00:42:40.6705
548,5291,Courtyard Apartments at Riverview Tower,Philadelphia,104,104,5289,326,76,PA,United States,76,built,1925,18,office,0,0,0,2015-04-09 00:42:40.675072,2015-04-09 00:42:40.675072
549,9243,Inquirer Building,Philadelphia,103,103,12447,326,76,PA,United States,76,built,1979,34,residential,0,0,102.7,2015-04-09 00:42:40.679336,2015-04-09 00:42:40.679336
550,9223,2400 Chestnut Apartments,Philadelphia,102,102,12760,326,76,PA,United States,76,built,1924,25,residential,0,0,102.4,2015-04-09 00:42:40.683444,2015-04-09 00:42:40.683444
551,18738,The Grande,Philadelphia,101,101,67188,326,76,PA,United States,76,built,1980,26,hotel,0,0,100.6,2015-04-09 00:42:40.687436,2015-04-09 00:42:40.687436
552,18739,Sheraton Philadelphia Center City Hotel,Philadelphia,101,101,33486,326,76,PA,United States,76,built,1929,20,office,0,0,100.6,2015-04-09 00:42:40.691627,2015-04-09 00:42:40.691627
553,24670,Penn Center Suburban Station,Philadelphia,100,100,37952,326,76,PA,United States,76,built,2006,29,residential,0,0,100.3,2015-04-09 00:42:40.695847,2015-04-09 00:42:40.695847
554,30858,The Regatta,Philadelphia,98,98,38245,326,76,PA,United States,76,built,2010,30,residential,0,0,97.5,2015-04-09 00:42:40.70006,2015-04-09 00:42:40.70006
555,32282,1706 Rittenhouse Square,Philadelphia,170,170,33842,326,76,PA,United States,76,built,1931,24,hotel,0,0,95,2015-04-09 00:42:40.704119,2015-04-09 00:42:40.704119
556,14470,Hotel Palomar,Philadelphia,95,95,15603,326,76,PA,United States,76,built,1926,23,office,0,0,95,2015-04-09 00:42:40.708256,2015-04-09 00:42:40.708256
557,6849,1500 Walnut,Philadelphia,93,93,6847,326,76,PA,United States,76,built,1980,28,office,0,0,93,2015-04-09 00:42:40.71236,2015-04-09 00:42:40.71236
558,35326,Ten Penn Center,Philadelphia,93,93,31820,326,76,PA,United States,76,built,1929,27,residential,0,0,92.7,2015-04-09 00:42:40.716391,2015-04-09 00:42:40.716391
559,37263,Rittenhouse 222 Apartments,Philadelphia,92,92,44412,326,76,PA,United States,76,built,1970,26,courthouse,0,0,92.4,2015-04-09 00:42:40.720586,2015-04-09 00:42:40.720586
560,6852,James A. Byrne Courthouse,Philadelphia,105,105,6850,326,76,PA,United States,76,built,1976,20,office,0,0,92,2015-04-09 00:42:40.724798,2015-04-09 00:42:40.724798
561,18673,United Plaza,Philadelphia,91,91,38236,326,76,PA,United States,76,proposed,0,16,office,0,0,91.4,2015-04-09 00:42:40.728858,2015-04-09 00:42:40.728858
562,25629,Two Pennsylvania Plaza,Philadelphia,91,91,25816,326,76,PA,United States,76,built,1985,20,office,0,0,91,2015-04-09 00:42:40.733298,2015-04-09 00:42:40.733298
563,25630,1880 JFK Boulevard,Philadelphia,91,91,25815,326,76,PA,United States,76,built,1983,20,office,0,0,91,2015-04-09 00:42:40.737594,2015-04-09 00:42:40.737594
564,18677,1800 JFK Boulevard,Philadelphia,102,102,23418,326,76,PA,United States,76,built,1931,20,office,0,0,91,2015-04-09 00:42:40.742272,2015-04-09 00:42:40.742272
565,6215,Penn Mutual Life Building,Philadelphia,89,89,6213,326,76,PA,United States,76,built,1964,31,residential,0,0,89,2015-04-09 00:42:40.746748,2015-04-09 00:42:40.746748
566,6214,Society Hill Tower III,Philadelphia,89,89,6212,326,76,PA,United States,76,built,1964,31,residential,0,0,89,2015-04-09 00:42:40.750962,2015-04-09 00:42:40.750962
567,6213,Society Hill Tower II,Philadelphia,89,89,6211,326,76,PA,United States,76,built,1964,31,residential,0,0,89,2015-04-09 00:42:40.755115,2015-04-09 00:42:40.755115
568,9222,Society Hill Tower I,Philadelphia,91,91,12626,326,76,PA,United States,76,built,1972,25,office,0,0,88.4,2015-04-09 00:42:40.759289,2015-04-09 00:42:40.759289
569,24669,1845 Walnut,Philadelphia,88,88,37953,326,76,PA,United States,76,built,2006,25,residential,0,0,88.1,2015-04-09 00:42:40.763581,2015-04-09 00:42:40.763581
570,33108,The Peninsula,Philadelphia,100,100,32962,326,76,PA,United States,76,built,1932,22,office,0,0,87.8,2015-04-09 00:42:40.76803,2015-04-09 00:42:40.76803
571,6295,1528 Walnut,Philadelphia,88,88,6293,326,76,PA,United States,76,built,1934,17,office,0,0,87.5,2015-04-09 00:42:40.772398,2015-04-09 00:42:40.772398
572,6109,U.S. Custom House,Philadelphia,87,87,7720,326,76,PA,United States,76,built,1982,23,office,0,0,87,2015-04-09 00:42:40.776958,2015-04-09 00:42:40.776958
573,9218,Eight Penn Center,Philadelphia,85,85,12762,326,76,PA,United States,76,built,1964,20,office,0,0,85,2015-04-09 00:42:40.78132,2015-04-09 00:42:40.78132
574,33110,Four Penn Center,Philadelphia,84,84,62756,326,76,PA,United States,76,built,1964,28,residential,0,0,84,2015-04-09 00:42:40.785425,2015-04-09 00:42:40.785425
575,30371,William Penn House,Philadelphia,84,84,25956,326,76,PA,United States,76,built,1960,29,residential,0,0,83.8,2015-04-09 00:42:40.790067,2015-04-09 00:42:40.790067
576,9220,Sterling Apartments,Philadelphia,84,84,12761,326,76,PA,United States,76,built,1922,21,office,0,0,83.8,2015-04-09 00:42:40.794678,2015-04-09 00:42:40.794678
577,10562,The Atlantic Building,Philadelphia,83,83,14221,326,76,PA,United States,76,built,1980,24,office,0,0,82.9,2015-04-09 00:42:40.799086,2015-04-09 00:42:40.799086
578,7168,GlaxoSmithKline Building,Philadelphia,83,83,7166,326,76,PA,United States,76,built,1958,20,office,0,0,82.6,2015-04-09 00:42:40.803408,2015-04-09 00:42:40.803408
579,10132,Two Penn Center,Philadelphia,82,82,13645,326,76,PA,United States,76,built,1974,30,residential,0,0,82.3,2015-04-09 00:42:40.807926,2015-04-09 00:42:40.807926
580,6467,Center City One,Philadelphia,82,82,7165,326,76,PA,United States,76,built,1958,20,office,0,0,82.3,2015-04-09 00:42:40.812548,2015-04-09 00:42:40.812548
581,9219,Three Penn Center,Philadelphia,91,91,17500,326,76,PA,United States,76,built,1969,20,office,0,0,81.4,2015-04-09 00:42:40.816916,2015-04-09 00:42:40.816916
582,6937,Three Parkway Offices,Philadelphia,81,81,63707,326,76,PA,United States,76,built,1964,27,hotel,0,0,81.4,2015-04-09 00:42:40.821131,2015-04-09 00:42:40.821131
583,4968,Embassy Suites Philadelphia,Philadelphia,84,84,13682,326,76,PA,United States,76,built,1900,21,office,0,0,81,2015-04-09 00:42:40.825733,2015-04-09 00:42:40.825733
584,29901,North American Building,Philadelphia,81,81,25876,326,76,PA,United States,76,built,1963,16,office,0,0,80.8,2015-04-09 00:42:40.830082,2015-04-09 00:42:40.830082
585,9167,Municipal Services Building,Philadelphia,80,80,12283,326,76,PA,United States,76,built,1983,25,hotel,0,0,79.2,2015-04-09 00:42:40.834456,2015-04-09 00:42:40.834456
586,9244,Doubletree Hotel,Philadelphia,79,79,12448,326,76,PA,United States,76,built,1962,18,office,0,0,78.6,2015-04-09 00:42:40.8391,2015-04-09 00:42:40.8391
587,24671,One Parkway,Philadelphia,76,76,37919,326,76,PA,United States,76,built,2009,21,residential,0,0,76,2015-04-09 00:42:40.844678,2015-04-09 00:42:40.844678
588,80955,The Reef,Philadelphia,67,67,68537,326,76,PA,United States,76,built,0,17,office,0,0,0,2015-04-09 00:42:40.850202,2015-04-09 00:42:40.850202
589,30856,Morgan,Philadelphia,59,59,40005,326,76,PA,United States,76,built,2005,16,residential,0,0,58.5,2015-04-09 00:42:40.856891,2015-04-09 00:42:40.856891
590,24382, Lewis and Bockius Building,Philadelphia,50,50,18413,326,76,PA,United States,76,built,1972,11,office,0,0,0,2015-04-09 00:42:40.865732,2015-04-09 00:42:40.865732
591,24386,Beaumont Condominiums,Philadelphia,42,42,18419,326,76,PA,United States,76,built,0,9,office,0,0,0,2015-04-09 00:42:40.870276,2015-04-09 00:42:40.870276
592,43977,401 Market,Philadelphia,35,35,38117,326,76,PA,United States,76,built,1934,7,transportation,0,0,35.4,2015-04-09 00:42:40.87483,2015-04-09 00:42:40.87483
